District,Crop,Crop_Group,Production_MT,Rainfall_2020_mm,Rainfall_2021_mm,Avg_Rainfall_mm,Rabi_Rainfall,Kharif_Rainfall,Season,Water_Min,Water_Max,Temp_Min,Temp_Max,Soil_Type,District_Soil,District_Temp_Min,District_Temp_Max,Water_Score,Temp_Score,Soil_Score,Suitability_Score,Production_Log,Productivity_Score,ML_Prediction,Final_Score,Productivity_Class
Ariyalur,maize,Millets,114107,1064.4,220.7,642.5500000000001,449.785,192.765,Kharif,500,800,18,27,loam,loam,20.0,35.0,0.4751666666666669,0.7777777777777778,1.0,0.6557861111111112,11.644900647327445,0.8506050358383895,0.825,0.7234716666666667,2
Ariyalur,jowar,Millets,25,1064.4,220.7,642.5500000000001,449.785,192.765,Kharif,400,700,25,35,sandy,loam,20.0,35.0,0.8085000000000002,1.0,0.6,0.8146750000000001,3.258096538021482,0.1697674875294181,0.0,0.48880500000000005,0
Ariyalur,bajra,Millets,3383,1064.4,220.7,642.5500000000001,449.785,192.765,Kharif,300,600,25,35,sandy,loam,20.0,35.0,1.0,1.0,0.6,0.92,8.126813720726114,0.05,0.765,0.8580000000000001,0
Ariyalur,ragi,Millets,33,1064.4,220.7,642.5500000000001,449.785,192.765,Kharif,350,750,20,30,loam,loam,20.0,35.0,0.7313750000000002,1.0,1.0,0.8522562500000002,3.5263605246161616,0.1322436449827121,0.015,0.5173537500000001,0
Chengalpattu,maize,Millets,11,972.372277227723,172.5,572.4361386138614,400.705297029703,171.7308415841584,Kharif,500,800,18,27,loam,loam,19.5,35.0,0.2414537953795381,0.8333333333333334,1.0,0.5411329207920793,2.4849066497880004,0.05,0.015,0.33067975247524756,0
Chengalpattu,ragi,Millets,364,972.372277227723,172.5,572.4361386138614,400.705297029703,171.7308415841584,Kharif,350,750,20,30,loam,loam,19.5,35.0,0.5560903465346536,1.0,1.0,0.7558496905940595,5.899897353582492,0.4103959064347977,0.045,0.4715098143564357,1
Tiruvallur,maize,Millets,69,1229.0,139.0,684.0,478.8,205.2,Kharif,500,800,18,27,loam,loam,19.5,35.0,0.6133333333333333,0.8333333333333334,1.0,0.7456666666666667,4.248495242049359,0.1637683756264042,0.01,0.4514,0
Tiruvallur,jowar,Millets,8,1229.0,139.0,684.0,478.8,205.2,Kharif,400,700,25,35,sandy,loam,19.5,35.0,0.9466666666666667,1.0,0.6,0.8906666666666667,2.19722457733622,0.0605262143144866,0.025,0.5444,0
Tiruvallur,ragi,Millets,1311,1229.0,139.0,684.0,478.8,205.2,Kharif,350,750,20,30,loam,loam,19.5,35.0,0.835,1.0,1.0,0.9092499999999999,7.179307969504034,0.5603286784067261,0.055,0.5675499999999999,1
Cuddalore,maize,Millets,181193,1323.4,342.2,832.8000000000001,582.96,249.84,Kharif,500,800,18,27,loam,loam,20.0,35.0,1.0,0.7777777777777778,1.0,0.9444444444444444,12.10732355946,0.8935460309801619,0.99,0.9626666666666667,2
Cuddalore,jowar,Millets,24,1323.4,342.2,832.8000000000001,582.96,249.84,Kharif,400,700,25,35,sandy,loam,20.0,35.0,1.0,1.0,0.6,0.92,3.218875824868201,0.1657288091591325,0.015,0.558,0
Cuddalore,ragi,Millets,14126,1323.4,342.2,832.8000000000001,582.96,249.84,Kharif,350,750,20,30,loam,loam,20.0,35.0,1.0,1.0,1.0,1.0,9.555843138911664,0.8388323121923574,0.86,0.944,2
Villupuram,maize,Millets,4947,1137.7,144.1,640.9,448.63,192.27,Kharif,500,800,18,27,loam,loam,20.0,35.0,0.46966666666666657,0.7777777777777778,1.0,0.6527611111111111,8.506738733512378,0.559192582087397,0.085,0.4256566666666667,1
Villupuram,jowar,Millets,188,1137.7,144.1,640.9,448.63,192.27,Kharif,400,700,25,35,sandy,loam,20.0,35.0,0.8029999999999999,1.0,0.6,0.81165,5.241747015059643,0.3740301240733055,0.0,0.48699,0
Villupuram,ragi,Millets,38146,1137.7,144.1,640.9,448.63,192.27,Kharif,350,750,20,30,loam,loam,20.0,35.0,0.72725,1.0,1.0,0.8499874999999999,10.549202396661183,0.95,0.945,0.8879925,2
Kallakurichi,maize,Millets,181596,972.372277227723,112.8,542.5861386138615,379.8102970297031,162.77584158415846,Kharif,500,800,18,27,loam,loam,20.0,35.0,0.1419537953795384,0.7777777777777778,1.0,0.4725190319031906,12.109545225189088,0.8937523367984429,0.97,0.6715114191419144,2
Kallakurichi,jowar,Millets,307,972.372277227723,112.8,542.5861386138615,379.8102970297031,162.77584158415846,Kharif,400,700,25,35,sandy,loam,20.0,35.0,0.47528712871287176,1.0,0.6,0.6314079207920794,5.730099782973574,0.4243173218898015,0.03,0.39084475247524764,1
Kallakurichi,ragi,Millets,55888,972.372277227723,112.8,542.5861386138615,379.8102970297031,162.77584158415846,Kharif,350,750,20,30,loam,loam,20.0,35.0,0.4814653465346538,1.0,1.0,0.7148059405940597,10.931122859815252,0.95,0.945,0.8068835643564358,2
Vellore,maize,Millets,3184,1088.3,49.8,569.05,398.3349999999999,170.71499999999995,Kharif,500,800,18,27,loam,loam,20.0,35.0,0.23016666666666652,0.7777777777777778,1.0,0.521036111111111,8.066207568006265,0.5182844736406106,0.08,0.3446216666666666,1
Vellore,jowar,Millets,3739,1088.3,49.8,569.05,398.3349999999999,170.71499999999995,Kharif,400,700,25,35,sandy,loam,20.0,35.0,0.5634999999999999,1.0,0.6,0.679925,8.226840890408578,0.6814144906075786,0.075,0.437955,1
Vellore,ragi,Millets,783,1088.3,49.8,569.05,398.3349999999999,170.71499999999995,Kharif,350,750,20,30,loam,loam,20.0,35.0,0.5476249999999999,1.0,1.0,0.7511937499999999,6.664409020350408,0.4999882171260997,0.015,0.45671624999999993,1
Ranipet,maize,Millets,42,972.372277227723,44.0,508.1861386138615,355.730297029703,152.45584158415843,Kharif,500,800,18,27,loam,loam,20.0,35.0,0.027287128712871624,0.7777777777777778,1.0,0.40945236523652384,3.7612001156935615,0.1185177249677808,0.025,0.25567141914191427,0
Ranipet,jowar,Millets,168,972.372277227723,44.0,508.1861386138615,355.730297029703,152.45584158415843,Kharif,400,700,25,35,sandy,loam,20.0,35.0,0.36062046204620496,1.0,0.6,0.5683412541254127,5.1298987149230735,0.3625127580134539,0.05,0.3610047524752476,0
Ranipet,ragi,Millets,593,972.372277227723,44.0,508.1861386138615,355.730297029703,152.45584158415843,Kharif,350,750,20,30,loam,loam,20.0,35.0,0.3954653465346537,1.0,1.0,0.6675059405940595,6.386879319362645,0.4674648060680603,0.005,0.4025035643564357,1
Tirupathur,maize,Millets,11694,972.372277227723,16.7,494.5361386138615,346.175297029703,148.36084158415844,Kharif,500,800,18,27,loam,loam,20.0,35.0,0.9890722772277231,0.7777777777777778,1.0,0.9384341969196921,9.36691667901828,0.6390694567186446,0.355,0.7050605181518153,1
Tirupathur,jowar,Millets,5147,972.372277227723,16.7,494.5361386138615,346.175297029703,148.36084158415844,Kharif,400,700,25,35,sandy,loam,20.0,35.0,0.31512046204620503,1.0,0.6,0.5433162541254128,8.546363568716018,0.7143167309277046,0.76,0.6299897524752478,2
Tirupathur,ragi,Millets,2628,972.372277227723,16.7,494.5361386138615,346.175297029703,148.36084158415844,Kharif,350,750,20,30,loam,loam,20.0,35.0,0.3613403465346538,1.0,1.0,0.6487371905940595,7.874358824729881,0.6417809503267999,0.025,0.3992423143564357,1
Tiruvannamalai,maize,Millets,5903,1034.5,74.2,554.35,388.045,166.305,Kharif,500,800,18,27,loam,loam,20.0,35.0,0.18116666666666675,0.7777777777777778,1.0,0.49408611111111117,8.683385366280309,0.5755961425522463,0.105,0.33845166666666665,1
Tiruvannamalai,jowar,Millets,42,1034.5,74.2,554.35,388.045,166.305,Kharif,400,700,25,35,sandy,loam,20.0,35.0,0.5145000000000001,1.0,0.6,0.6529750000000001,3.7612001156935615,0.2215736219364247,0.005,0.39378500000000005,0
Tiruvannamalai,ragi,Millets,16944,1034.5,74.2,554.35,388.045,166.305,Kharif,350,750,20,30,loam,loam,20.0,35.0,0.5108750000000001,1.0,1.0,0.7309812500000001,9.737728084041152,0.8601472158392868,0.96,0.8225887500000001,2
Salem,maize,Millets,272704,967.9,62.4,515.15,360.605,154.545,Kharif,500,800,18,27,loam,loam,20.0,35.0,0.05049999999999993,0.7777777777777778,1.0,0.4222194444444444,12.516145903832443,0.93150963062661,0.985,0.6473316666666666,2
Salem,jowar,Millets,70240,967.9,62.4,515.15,360.605,154.545,Kharif,400,700,25,35,sandy,loam,20.0,35.0,0.38383333333333325,1.0,0.6,0.5811083333333333,11.159687465109704,0.95,0.99,0.744665,2
Salem,ragi,Millets,3118,967.9,62.4,515.15,360.605,154.545,Kharif,350,750,20,30,loam,loam,20.0,35.0,0.41287499999999994,1.0,1.0,0.6770812500000001,8.045267716607803,0.6618095819443751,0.04,0.42224875000000006,1
Namakkal,maize,Millets,30818,629.2,66.3,347.75,243.425,104.325,Kharif,500,800,18,27,loam,loam,20.0,35.0,0.6955,0.7777777777777778,1.0,0.7769694444444446,10.335886661884372,0.7290488548736583,0.735,0.7601816666666668,2
Namakkal,jowar,Millets,36802,629.2,66.3,347.75,243.425,104.325,Kharif,400,700,25,35,sandy,loam,20.0,35.0,0.869375,1.0,0.6,0.8481562500000001,10.513334642573437,0.9168618376400444,1.0,0.9088937500000001,2
Namakkal,ragi,Millets,171,629.2,66.3,347.75,243.425,104.325,Kharif,350,750,20,30,loam,loam,20.0,35.0,0.9935714285714285,1.0,1.0,0.9964642857142858,5.147494476813453,0.3222226119898553,0.035,0.6118785714285715,0
Dharmapuri,maize,Millets,18624,918.4,59.8,489.1,342.36999999999995,146.73,Kharif,500,800,18,27,loam,loam,20.0,35.0,0.9782000000000001,0.7777777777777778,1.0,0.9324544444444445,9.83226004324776,0.6822816475905928,0.285,0.6734726666666666,1
Dharmapuri,jowar,Millets,82512,918.4,59.8,489.1,342.36999999999995,146.73,Kharif,400,700,25,35,sandy,loam,20.0,35.0,0.2970000000000001,1.0,0.6,0.5333500000000001,11.320711135666592,0.95,0.97,0.70801,2
Dharmapuri,ragi,Millets,1083,918.4,59.8,489.1,342.36999999999995,146.73,Kharif,350,750,20,30,loam,loam,20.0,35.0,0.34775000000000006,1.0,1.0,0.6412625000000001,6.988413181999592,0.537957920895919,0.005,0.38675750000000003,1
Krishnagiri,maize,Millets,8092,798.6,45.9,422.25,295.575,126.675,Kharif,500,800,18,27,loam,loam,20.0,35.0,0.8445,0.7777777777777778,1.0,0.8589194444444446,8.998754769495703,0.6048816205336097,0.39,0.6713516666666668,1
Krishnagiri,jowar,Millets,7029,798.6,45.9,422.25,295.575,126.675,Kharif,400,700,25,35,sandy,loam,20.0,35.0,0.07416666666666667,1.0,0.6,0.41079166666666667,8.857941984804711,0.7464009259495379,0.92,0.6144750000000001,2
Krishnagiri,ragi,Millets,1194,798.6,45.9,422.25,295.575,126.675,Kharif,350,750,20,30,loam,loam,20.0,35.0,0.180625,1.0,1.0,0.54934375,7.085901464365611,0.5493824692215485,0.015,0.33560625,1
Coimbatore,maize,Millets,23230,1585.3,118.5,851.9,596.3299999999999,255.57,Kharif,500,800,18,27,loam,loam,20.0,35.0,1.0,0.7777777777777778,1.0,0.9444444444444444,10.053242872620965,0.7028023059610192,0.875,0.9166666666666667,2
Coimbatore,jowar,Millets,27817,1585.3,118.5,851.9,596.3299999999999,255.57,Kharif,400,700,25,35,sandy,loam,20.0,35.0,1.0,1.0,0.6,0.92,10.233438572167076,0.8880400719301689,0.96,0.936,2
Coimbatore,ragi,Millets,285,1585.3,118.5,851.9,596.3299999999999,255.57,Kharif,350,750,20,30,loam,loam,20.0,35.0,1.0,1.0,1.0,1.0,5.655991810819852,0.3818128747867605,0.005,0.602,0
Tiruppur,maize,Millets,215213,748.8,118.4,433.6,303.52,130.07999999999998,Kharif,500,800,18,27,loam,loam,20.0,35.0,0.8672000000000001,0.7777777777777778,1.0,0.8714044444444446,12.279388160915811,0.9095241000189794,0.96,0.9068426666666668,2
Tiruppur,jowar,Millets,6397,748.8,118.4,433.6,303.52,130.07999999999998,Kharif,400,700,25,35,sandy,loam,20.0,35.0,0.11200000000000007,1.0,0.6,0.43160000000000004,8.763740720509464,0.7367007298547877,0.86,0.60296,2
Tiruppur,ragi,Millets,148,748.8,118.4,433.6,303.52,130.07999999999998,Kharif,350,750,20,30,loam,loam,20.0,35.0,0.20900000000000005,1.0,1.0,0.5649500000000001,5.003946305945459,0.3054003542237387,0.0,0.33897000000000005,0
Erode,maize,Millets,124835,629.5,78.5,354.0,247.8,106.2,Kharif,500,800,18,27,loam,loam,20.0,35.0,0.708,0.7777777777777778,1.0,0.7838444444444446,11.734756154858896,0.8589490966777961,0.945,0.8483066666666668,2
Erode,jowar,Millets,4,629.5,78.5,354.0,247.8,106.2,Kharif,400,700,25,35,sandy,loam,20.0,35.0,0.885,1.0,0.6,0.85675,1.6094379124341005,0.05,0.115,0.56005,0
Erode,ragi,Millets,293,629.5,78.5,354.0,247.8,106.2,Kharif,350,750,20,30,loam,loam,20.0,35.0,0.01,1.0,1.0,0.4555,5.683579767338681,0.3850458781262941,0.085,0.3073,0
Tiruchirapalli,maize,Millets,106126,796.6,139.2,467.9,327.53,140.36999999999998,Kharif,500,800,18,27,loam,loam,20.0,35.0,0.9358,0.7777777777777778,1.0,0.9091344444444445,11.572391769136894,0.8438717981366572,0.93,0.9174806666666666,2
Tiruchirapalli,jowar,Millets,65540,796.6,139.2,467.9,327.53,140.36999999999998,Kharif,400,700,25,35,sandy,loam,20.0,35.0,0.22633333333333325,1.0,0.6,0.4944833333333333,11.090431179994203,0.95,0.975,0.68669,2
Tiruchirapalli,ragi,Millets,699,796.6,139.2,467.9,327.53,140.36999999999998,Kharif,350,750,20,30,loam,loam,20.0,35.0,0.29474999999999996,1.0,1.0,0.6121125000000001,6.551080335043404,0.4867073487945715,0.005,0.3692675,1
Karur,maize,Millets,6487,684.2,109.1,396.65,277.65500000000003,118.995,Kharif,500,800,18,27,loam,loam,20.0,35.0,0.7933,0.7777777777777778,1.0,0.8307594444444446,8.77770959579525,0.5843551728145518,0.185,0.5724556666666667,1
Karur,jowar,Millets,12004,684.2,109.1,396.65,277.65500000000003,118.995,Kharif,400,700,25,35,sandy,loam,20.0,35.0,0.991625,1.0,0.6,0.91539375,9.393078508655352,0.8015055920880373,0.885,0.90323625,2
Karur,ragi,Millets,1417,684.2,109.1,396.65,277.65500000000003,118.995,Kharif,350,750,20,30,loam,loam,20.0,35.0,0.11662499999999994,1.0,1.0,0.5141437499999999,7.257002707092073,0.5694336422308817,0.07,0.33648624999999993,1
Perambalur,maize,Millets,570177,1102.4,157.6,630.0,441.0,189.0,Kharif,500,800,18,27,loam,loam,20.0,35.0,0.43333333333333335,0.7777777777777778,1.0,0.6327777777777779,13.253703871763015,0.95,0.915,0.7456666666666667,2
Perambalur,jowar,Millets,1032,1102.4,157.6,630.0,441.0,189.0,Kharif,400,700,25,35,sandy,loam,20.0,35.0,0.7666666666666667,1.0,0.6,0.7916666666666667,6.940222469119639,0.5489274048026146,0.08,0.507,1
Perambalur,ragi,Millets,165,1102.4,157.6,630.0,441.0,189.0,Kharif,350,750,20,30,loam,loam,20.0,35.0,0.7,1.0,1.0,0.835,5.111987788356544,0.318061620860316,0.01,0.505,0
Pudukkottai,maize,Millets,20944,947.6,191.1,569.35,398.545,170.805,Kharif,500,800,18,27,loam,loam,20.0,35.0,0.23116666666666674,0.7777777777777778,1.0,0.5215861111111111,9.949655233381137,0.6931830673881906,0.265,0.4189516666666666,1
Pudukkottai,jowar,Millets,44,947.6,191.1,569.35,398.545,170.805,Kharif,400,700,25,35,sandy,loam,20.0,35.0,0.5645000000000001,1.0,0.6,0.680475,3.80666248977032,0.226255023473619,0.0,0.408285,0
Pudukkottai,ragi,Millets,10,947.6,191.1,569.35,398.545,170.805,Kharif,350,750,20,30,loam,loam,20.0,35.0,0.5483750000000001,1.0,1.0,0.75160625,2.3978952727983707,0.05,0.005,0.45296375,0
Thanjavur,maize,Millets,10705,968.1,278.6,623.35,436.345,187.005,Kharif,500,800,18,27,loam,loam,20.0,35.0,0.41116666666666674,0.7777777777777778,1.0,0.6205861111111112,9.278559610953328,0.6308645422756708,0.105,0.4143516666666667,1
Thanjavur,jowar,Millets,100,968.1,278.6,623.35,436.345,187.005,Kharif,400,700,25,35,sandy,loam,20.0,35.0,0.7445,1.0,0.6,0.779475,4.61512051684126,0.3095044517656189,0.015,0.473685,0
Thanjavur,ragi,Millets,13,968.1,278.6,623.35,436.345,187.005,Kharif,350,750,20,30,loam,loam,20.0,35.0,0.6833750000000001,1.0,1.0,0.82585625,2.6390573296152584,0.05,0.01,0.49951375,0
Madurai,maize,Millets,97735,915.5,131.5,523.5,366.45,157.04999999999998,Kharif,500,800,18,27,loam,loam,20.0,35.0,0.07833333333333334,0.7777777777777778,1.0,0.4375277777777778,11.490025245083896,0.8362231708381236,0.925,0.6325166666666667,2
Madurai,jowar,Millets,22405,915.5,131.5,523.5,366.45,157.04999999999998,Kharif,400,700,25,35,sandy,loam,20.0,35.0,0.4116666666666667,1.0,0.6,0.5964166666666667,10.017084059118668,0.8657613772836086,0.995,0.75585,2
Madurai,ragi,Millets,3548,915.5,131.5,523.5,366.45,157.04999999999998,Kharif,350,750,20,30,loam,loam,20.0,35.0,0.43375,1.0,1.0,0.6885625,8.174421152646497,0.6769449360160096,0.02,0.4211375,1
Theni,maize,Millets,49040,921.9,112.6,517.25,362.075,155.17499999999998,Kharif,500,800,18,27,loam,loam,20.0,35.0,0.0575,0.7777777777777778,1.0,0.4260694444444445,10.800411961919318,0.7721850795906398,0.915,0.6216416666666668,2
Theni,jowar,Millets,28417,921.9,112.6,517.25,362.075,155.17499999999998,Kharif,400,700,25,35,sandy,loam,20.0,35.0,0.3908333333333333,1.0,0.6,0.5849583333333334,10.25477802619802,0.8902374616382974,0.995,0.748975,2
Theni,ragi,Millets,2190,921.9,112.6,517.25,362.075,155.17499999999998,Kharif,350,750,20,30,loam,loam,20.0,35.0,0.418125,1.0,1.0,0.67996875,7.692113339595466,0.6204237953794103,0.01,0.41198125,1
Dindigul,maize,Millets,175019,959.4,194.4,576.9,403.83,173.07,Kharif,500,800,18,27,loam,loam,20.0,35.0,0.25633333333333325,0.7777777777777778,1.0,0.5354277777777778,12.072655532089822,0.8903267277064285,0.89,0.6772566666666667,2
Dindigul,jowar,Millets,49400,959.4,194.4,576.9,403.83,173.07,Kharif,400,700,25,35,sandy,loam,20.0,35.0,0.5896666666666666,1.0,0.6,0.6943166666666666,10.807725945886109,0.9471762224000168,0.945,0.7945899999999999,2
Dindigul,ragi,Millets,585,959.4,194.4,576.9,403.83,173.07,Kharif,350,750,20,30,loam,loam,20.0,35.0,0.5672499999999999,1.0,1.0,0.7619875,6.373319789577012,0.4658757791660664,0.01,0.4611925,1
Ramanathapuram,maize,Millets,2290,860.2,239.8,550.0,385.0,165.0,Kharif,500,800,18,27,loam,loam,20.0,35.0,0.16666666666666666,0.7777777777777778,1.0,0.4861111111111111,7.736743682453495,0.4876901697302208,0.04,0.30766666666666664,1
Ramanathapuram,jowar,Millets,16162,860.2,239.8,550.0,385.0,165.0,Kharif,400,700,25,35,sandy,loam,20.0,35.0,0.5,1.0,0.6,0.645,9.690479958409808,0.8321299409549425,0.96,0.771,2
Ramanathapuram,ragi,Millets,2059,860.2,239.8,550.0,385.0,165.0,Kharif,350,750,20,30,loam,loam,20.0,35.0,0.5,1.0,1.0,0.7250000000000001,7.630461261783627,0.6131988538249743,0.035,0.44900000000000007,1
Virudhunagar,maize,Millets,185782,855.0,120.5,487.75,341.42499999999995,146.325,Kharif,500,800,18,27,loam,loam,20.0,35.0,0.9755,0.7777777777777778,1.0,0.9309694444444445,12.132334604943331,0.8958685784889724,0.88,0.9105816666666666,2
Virudhunagar,jowar,Millets,34218,855.0,120.5,487.75,341.42499999999995,146.325,Kharif,400,700,25,35,sandy,loam,20.0,35.0,0.2925,1.0,0.6,0.530875,10.440536324342396,0.9093655692248364,0.985,0.7125250000000001,2
Virudhunagar,ragi,Millets,4653,855.0,120.5,487.75,341.42499999999995,146.325,Kharif,350,750,20,30,loam,loam,20.0,35.0,0.344375,1.0,1.0,0.63940625,8.445482343862237,0.7087103092802572,0.185,0.45764374999999996,2
Sivagangai,maize,Millets,220,1112.0,181.1,646.55,452.5849999999999,193.965,Kharif,500,800,18,27,loam,loam,20.0,35.0,0.4884999999999998,0.7777777777777778,1.0,0.6631194444444444,5.3981627015177525,0.2705274991395888,0.045,0.41587166666666664,0
Sivagangai,jowar,Millets,562,1112.0,181.1,646.55,452.5849999999999,193.965,Kharif,400,700,25,35,sandy,loam,20.0,35.0,0.8218333333333332,1.0,0.6,0.8220083333333333,6.333279628139691,0.4864286196763593,0.01,0.497205,1
Sivagangai,ragi,Millets,100,1112.0,181.1,646.55,452.5849999999999,193.965,Kharif,350,750,20,30,loam,loam,20.0,35.0,0.7413749999999999,1.0,1.0,0.85775625,4.61512051684126,0.2598342727413101,0.0,0.51465375,0
Tirunelveli,maize,Millets,1965,972.372277227723,419.8,696.0861386138615,487.2602970297031,208.82584158415844,Kharif,500,800,18,27,loam,loam,20.0,35.0,0.653620462046205,0.7777777777777778,1.0,0.7539356985698573,7.583756300707112,0.4734836279608528,0.09,0.48836141914191433,1
Tirunelveli,jowar,Millets,146,972.372277227723,419.8,696.0861386138615,487.2602970297031,208.82584158415844,Kharif,400,700,25,35,sandy,loam,20.0,35.0,0.9869537953795384,1.0,0.6,0.9128245874587462,4.990432586778736,0.3481514986216957,0.015,0.5536947524752477,0
Tenkasi,maize,Millets,61622,790.2,148.1,469.15,328.40500000000003,140.745,Kharif,500,800,18,27,loam,loam,20.0,35.0,0.9382999999999999,0.7777777777777778,1.0,0.9105094444444444,11.028790456457282,0.7933925058818976,0.905,0.9083056666666667,2
Tenkasi,jowar,Millets,3561,790.2,148.1,469.15,328.40500000000003,140.745,Kharif,400,700,25,35,sandy,loam,20.0,35.0,0.23049999999999993,1.0,0.6,0.49677499999999997,8.178077463849608,0.6763931694670107,0.135,0.35206499999999996,1
Tenkasi,ragi,Millets,288,790.2,148.1,469.15,328.40500000000003,140.745,Kharif,350,750,20,30,loam,loam,20.0,35.0,0.29787499999999995,1.0,1.0,0.61383125,5.666426688112432,0.3830357269799452,0.0,0.36829875,0
Thoothukudi,maize,Millets,129828,568.1,162.2,365.15,255.605,109.545,Kharif,500,800,18,27,loam,loam,20.0,35.0,0.7303,0.7777777777777778,1.0,0.7961094444444445,11.7739734789446,0.8625908516143567,0.96,0.8616656666666667,2
Thoothukudi,jowar,Millets,45775,568.1,162.2,365.15,255.605,109.545,Kharif,400,700,25,35,sandy,loam,20.0,35.0,0.912875,1.0,0.6,0.87208125,10.73151521528989,0.9393285673092052,0.99,0.9192487500000001,2
Thoothukudi,ragi,Millets,29256,568.1,162.2,365.15,255.605,109.545,Kharif,350,750,20,30,loam,loam,20.0,35.0,0.03787499999999994,1.0,1.0,0.47083125,10.283874140267756,0.9241494924286604,0.905,0.64449875,2
The Nilgiris,maize,Millets,11,1885.2,163.9,1024.55,717.185,307.36499999999995,Kharif,500,800,18,27,loam,loam,18.5,33.0,1.0,0.9444444444444444,1.0,0.9861111111111112,2.4849066497880004,0.05,0.03,0.6036666666666667,0
Kanyakumari,maize,Millets,49,1099.5,99.1,599.3,419.50999999999993,179.79,Kharif,500,800,18,27,loam,loam,19.75,33.0,0.33099999999999985,0.8055555555555556,1.0,0.5834388888888888,3.912023005428146,0.1325232701201462,0.0,0.3500633333333333,0
Ariyalur,black gram,Pulses,5962,1064.4,220.7,642.5500000000001,449.785,192.765,Kharif,400,700,25,35,loam,loam,20.0,35.0,0.8085000000000002,1.0,1.0,0.8946750000000001,8.693328989123106,0.582529338784109,0.085,0.5708050000000001,1
Chengalpattu,green gram,Pulses,1173,972.372277227723,172.5,572.4361386138614,400.705297029703,171.7308415841584,Kharif,400,700,25,35,loam,loam,19.5,35.0,0.5747871287128714,1.0,1.0,0.7661329207920793,7.068172000388042,0.5415812452402043,0.03,0.47167975247524757,1
Tiruvallur,green gram,Pulses,7702,1229.0,139.0,684.0,478.8,205.2,Kharif,400,700,25,35,loam,loam,19.5,35.0,0.9466666666666667,1.0,1.0,0.9706666666666668,8.949365142352965,0.8704574108129286,0.285,0.6964,2
Cuddalore,green gram,Pulses,7970,1323.4,342.2,832.8000000000001,582.96,249.84,Kharif,400,700,25,35,loam,loam,20.0,35.0,1.0,1.0,1.0,1.0,8.983565234427923,0.8764363796348635,0.575,0.83,2
Cuddalore,black gram,Pulses,39027,1323.4,342.2,832.8000000000001,582.96,249.84,Kharif,400,700,25,35,loam,loam,20.0,35.0,1.0,1.0,1.0,1.0,10.57203461622784,0.95,0.975,0.99,2
Villupuram,black gram,Pulses,48949,1137.7,144.1,640.9,448.63,192.27,Kharif,400,700,25,35,loam,loam,20.0,35.0,0.8029999999999999,1.0,1.0,0.89165,10.798554647958657,0.95,0.94,0.91099,2
Kallakurichi,black gram,Pulses,45531,972.372277227723,112.8,542.5861386138615,379.8102970297031,162.77584158415846,Kharif,400,700,25,35,loam,loam,20.0,35.0,0.47528712871287176,1.0,1.0,0.7114079207920794,10.726170654445108,0.95,0.985,0.8208447524752476,2
Vellore,red gram,Pulses,4444,1088.3,49.8,569.05,398.3349999999999,170.71499999999995,Kharif,600,1000,25,35,loam,loam,20.0,35.0,0.9484166666666666,1.0,1.0,0.9716291666666668,8.399535147948004,0.7812368126266995,0.765,0.8889775000000001,2
Vellore,green gram,Pulses,385,1088.3,49.8,569.05,398.3349999999999,170.71499999999995,Kharif,400,700,25,35,loam,loam,20.0,35.0,0.5634999999999999,1.0,1.0,0.759925,5.955837369464831,0.3471193688431458,0.005,0.45795499999999995,0
Vellore,black gram,Pulses,1014,1088.3,49.8,569.05,398.3349999999999,170.71499999999995,Kharif,400,700,25,35,loam,loam,20.0,35.0,0.5634999999999999,1.0,1.0,0.759925,6.922643891475888,0.23139893892076,0.01,0.45995499999999995,0
Ranipet,red gram,Pulses,994,972.372277227723,44.0,508.1861386138615,355.730297029703,152.45584158415843,Kharif,600,1000,25,35,loam,loam,20.0,35.0,0.8469768976897691,1.0,1.0,0.9158372937293731,6.902742737158593,0.4966595948757736,0.205,0.6315023762376237,1
Ranipet,green gram,Pulses,697,972.372277227723,44.0,508.1861386138615,355.730297029703,152.45584158415843,Kharif,400,700,25,35,loam,loam,20.0,35.0,0.36062046204620496,1.0,1.0,0.6483412541254128,6.548219102762372,0.4506814266968801,0.02,0.39700475247524764,1
Ranipet,black gram,Pulses,2214,972.372277227723,44.0,508.1861386138615,355.730297029703,152.45584158415843,Kharif,400,700,25,35,loam,loam,20.0,35.0,0.36062046204620496,1.0,1.0,0.6483412541254128,7.703007682479236,0.3861466410039662,0.105,0.4310047524752476,0
Tirupathur,red gram,Pulses,5635,972.372277227723,16.7,494.5361386138615,346.175297029703,148.36084158415844,Kharif,600,1000,25,35,loam,loam,20.0,35.0,0.8242268976897692,1.0,1.0,0.9033247937293731,8.636929873018572,0.8263714150487537,0.88,0.893994876237624,2
Tirupathur,green gram,Pulses,196,972.372277227723,16.7,494.5361386138615,346.175297029703,148.36084158415844,Kharif,400,700,25,35,loam,loam,20.0,35.0,0.31512046204620503,1.0,1.0,0.6233162541254128,5.2832037287379885,0.2295274174040679,0.01,0.3779897524752477,0
Tirupathur,black gram,Pulses,789,972.372277227723,16.7,494.5361386138615,346.175297029703,148.36084158415844,Kharif,400,700,25,35,loam,loam,20.0,35.0,0.31512046204620503,1.0,1.0,0.6233162541254128,6.672032945461067,0.1817022865904042,0.015,0.3799897524752477,0
Tiruvannamalai,red gram,Pulses,1946,1034.5,74.2,554.35,388.045,166.305,Kharif,600,1000,25,35,loam,loam,20.0,35.0,0.9239166666666667,1.0,1.0,0.9581541666666666,7.574045005372199,0.6242907415739056,0.255,0.6768924999999999,1
Tiruvannamalai,green gram,Pulses,950,1034.5,74.2,554.35,388.045,166.305,Kharif,400,700,25,35,loam,loam,20.0,35.0,0.5145000000000001,1.0,1.0,0.7329750000000002,6.85751406254539,0.5047533548446522,0.015,0.4457850000000001,1
Tiruvannamalai,black gram,Pulses,30791,1034.5,74.2,554.35,388.045,166.305,Kharif,400,700,25,35,loam,loam,20.0,35.0,0.5145000000000001,1.0,1.0,0.7329750000000002,10.335010194963582,0.9080780086299532,0.98,0.8317850000000001,2
Salem,red gram,Pulses,2980,967.9,62.4,515.15,360.605,154.545,Kharif,600,1000,25,35,loam,loam,20.0,35.0,0.8585833333333333,1.0,1.0,0.9222208333333333,8.000014093678072,0.7052779894542255,0.73,0.8453324999999998,2
Salem,green gram,Pulses,4500,967.9,62.4,515.15,360.605,154.545,Kharif,400,700,25,35,loam,loam,20.0,35.0,0.38383333333333325,1.0,1.0,0.6611083333333334,8.412054873292933,0.7765231214146914,0.65,0.656665,2
Salem,black gram,Pulses,2954,967.9,62.4,515.15,360.605,154.545,Kharif,400,700,25,35,loam,loam,20.0,35.0,0.38383333333333325,1.0,1.0,0.6611083333333334,7.991253929840199,0.443306448939013,0.155,0.45866500000000004,1
Namakkal,red gram,Pulses,573,629.2,66.3,347.75,243.425,104.325,Kharif,600,1000,25,35,loam,loam,20.0,35.0,0.5795833333333333,1.0,1.0,0.7687708333333334,6.352629396319567,0.3920694574223961,0.115,0.5072625000000001,0
Namakkal,green gram,Pulses,2989,629.2,66.3,347.75,243.425,104.325,Kharif,400,700,25,35,loam,loam,20.0,35.0,0.869375,1.0,1.0,0.92815625,8.003028666384733,0.7050158595892425,0.685,0.83089375,2
Namakkal,black gram,Pulses,1968,629.2,66.3,347.75,243.425,104.325,Kharif,400,700,25,35,loam,loam,20.0,35.0,0.869375,1.0,1.0,0.92815625,7.585281078639126,0.3628012197679379,0.22,0.6448937499999999,0
Dharmapuri,red gram,Pulses,14046,918.4,59.8,489.1,342.36999999999995,146.73,Kharif,600,1000,25,35,loam,loam,20.0,35.0,0.8151666666666667,1.0,1.0,0.8983416666666668,9.55016412883091,0.95,0.955,0.9210050000000001,2
Dharmapuri,green gram,Pulses,1596,918.4,59.8,489.1,342.36999999999995,146.73,Kharif,400,700,25,35,loam,loam,20.0,35.0,0.2970000000000001,1.0,1.0,0.6133500000000001,7.375882148215011,0.5953761115235502,0.005,0.37001,1
Dharmapuri,black gram,Pulses,5604,918.4,59.8,489.1,342.36999999999995,146.73,Kharif,400,700,25,35,loam,loam,20.0,35.0,0.2970000000000001,1.0,1.0,0.6133500000000001,8.63141433550626,0.570251539015663,0.175,0.43801,1
Krishnagiri,red gram,Pulses,10651,798.6,45.9,422.25,295.575,126.675,Kharif,600,1000,25,35,loam,loam,20.0,35.0,0.70375,1.0,1.0,0.8370625,9.273502946933824,0.9473996838749,0.88,0.8542375,2
Krishnagiri,green gram,Pulses,925,798.6,45.9,422.25,295.575,126.675,Kharif,400,700,25,35,loam,loam,20.0,35.0,0.07416666666666667,1.0,1.0,0.4907916666666667,6.83087423464618,0.5000960954407302,0.015,0.300475,1
Krishnagiri,black gram,Pulses,2915,798.6,45.9,422.25,295.575,126.675,Kharif,400,700,25,35,loam,loam,20.0,35.0,0.07416666666666667,1.0,1.0,0.4907916666666667,7.977968093128549,0.4406718409201849,0.1,0.33447499999999997,1
Coimbatore,red gram,Pulses,313,1585.3,118.5,851.9,596.3299999999999,255.57,Kharif,600,1000,25,35,loam,loam,20.0,35.0,0.6297499999999999,1.0,1.0,0.7963624999999999,5.749392985908253,0.2773793119596932,0.005,0.4798174999999999,0
Coimbatore,green gram,Pulses,265,1585.3,118.5,851.9,596.3299999999999,255.57,Kharif,400,700,25,35,loam,loam,20.0,35.0,1.0,1.0,1.0,1.0,5.583496308781699,0.282025520906381,0.0,0.6,0
Coimbatore,black gram,Pulses,315,1585.3,118.5,851.9,596.3299999999999,255.57,Kharif,400,700,25,35,loam,loam,20.0,35.0,1.0,1.0,1.0,1.0,5.755742213586912,0.05,0.005,0.602,0
Tiruppur,red gram,Pulses,86,748.8,118.4,433.6,303.52,130.07999999999998,Kharif,600,1000,25,35,loam,loam,20.0,35.0,0.7226666666666667,1.0,1.0,0.8474666666666666,4.465908118654584,0.05,0.11,0.55248,0
Tiruppur,green gram,Pulses,723,748.8,118.4,433.6,303.52,130.07999999999998,Kharif,400,700,25,35,loam,loam,20.0,35.0,0.11200000000000007,1.0,1.0,0.5116,6.584791392385716,0.4570751106356687,0.015,0.31296,1
Tiruppur,black gram,Pulses,1626,748.8,118.4,433.6,303.52,130.07999999999998,Kharif,400,700,25,35,loam,loam,20.0,35.0,0.11200000000000007,1.0,1.0,0.5116,7.394493107219038,0.3249675830682973,0.04,0.32296,0
Erode,red gram,Pulses,3461,629.5,78.5,354.0,247.8,106.2,Kharif,600,1000,25,35,loam,loam,20.0,35.0,0.59,1.0,1.0,0.7745,8.149601735736155,0.7337182959923644,0.805,0.7867,2
Erode,green gram,Pulses,287,629.5,78.5,354.0,247.8,106.2,Kharif,400,700,25,35,loam,loam,20.0,35.0,0.885,1.0,1.0,0.93675,5.662960480135946,0.2959176999667945,0.03,0.57405,0
Erode,black gram,Pulses,951,629.5,78.5,354.0,247.8,106.2,Kharif,400,700,25,35,loam,loam,20.0,35.0,0.885,1.0,1.0,0.93675,6.858565034791365,0.2186919733511511,0.07,0.59005,0
Tiruchirapalli,red gram,Pulses,1910,796.6,139.2,467.9,327.53,140.36999999999998,Kharif,600,1000,25,35,loam,loam,20.0,35.0,0.7798333333333333,1.0,1.0,0.8789083333333334,7.555381944240273,0.6207424325543283,0.14,0.5833450000000001,1
Tiruchirapalli,green gram,Pulses,379,796.6,139.2,467.9,327.53,140.36999999999998,Kharif,400,700,25,35,loam,loam,20.0,35.0,0.22633333333333325,1.0,1.0,0.5744833333333332,5.940171252720432,0.3443805685097939,0.005,0.34668999999999994,0
Tiruchirapalli,black gram,Pulses,4902,796.6,139.2,467.9,327.53,140.36999999999998,Kharif,400,700,25,35,loam,loam,20.0,35.0,0.22633333333333325,1.0,1.0,0.5744833333333332,8.497602541651233,0.5437163923963237,0.135,0.39868999999999993,1
Karur,red gram,Pulses,273,684.2,109.1,396.65,277.65500000000003,118.995,Kharif,600,1000,25,35,loam,loam,20.0,35.0,0.6610833333333332,1.0,1.0,0.8135958333333333,5.613128106388071,0.2514719917384695,0.035,0.5021574999999999,0
Karur,green gram,Pulses,123,684.2,109.1,396.65,277.65500000000003,118.995,Kharif,400,700,25,35,loam,loam,20.0,35.0,0.991625,1.0,1.0,0.9953937500000001,4.820281565605037,0.1485978931709656,0.005,0.59923625,0
Karur,black gram,Pulses,1910,684.2,109.1,396.65,277.65500000000003,118.995,Kharif,400,700,25,35,loam,loam,20.0,35.0,0.991625,1.0,1.0,0.9953937500000001,7.555381944240273,0.3568721615570868,0.055,0.61923625,0
Perambalur,red gram,Pulses,557,1102.4,157.6,630.0,441.0,189.0,Kharif,600,1000,25,35,loam,loam,20.0,35.0,0.075,1.0,1.0,0.49125,6.324358962381311,0.3866945494680477,0.01,0.29875,0
Ariyalur,red gram,Pulses,287,1064.4,220.7,642.5500000000001,449.785,192.765,Kharif,600,1000,25,35,loam,loam,20.0,35.0,0.10637500000000016,1.0,1.0,0.5085062500000002,5.662960480135946,0.2609463571700898,0.0,0.30510375000000006,0
Pudukkottai,red gram,Pulses,342,947.6,191.1,569.35,398.545,170.805,Kharif,600,1000,25,35,loam,loam,20.0,35.0,0.9489166666666667,1.0,1.0,0.9719041666666668,5.83773044716594,0.2941744458517967,0.04,0.5991425,0
Pudukkottai,green gram,Pulses,52,947.6,191.1,569.35,398.545,170.805,Kharif,400,700,25,35,loam,loam,20.0,35.0,0.5645000000000001,1.0,1.0,0.760475,3.970291913552122,0.05,0.0,0.456285,0
Pudukkottai,black gram,Pulses,2802,947.6,191.1,569.35,398.545,170.805,Kharif,400,700,25,35,loam,loam,20.0,35.0,0.5645000000000001,1.0,1.0,0.760475,7.938445551164788,0.4328344417226703,0.045,0.474285,1
Thanjavur,black gram,Pulses,23603,968.1,278.6,623.35,436.345,187.005,Kharif,400,700,25,35,loam,loam,20.0,35.0,0.7445,1.0,1.0,0.859475,10.06917146817706,0.855361656885792,0.89,0.871685,2
Tiruvarur,green gram,Pulses,15345,1303.7,377.4,840.55,588.3849999999999,252.165,Kharif,400,700,25,35,loam,loam,20.0,35.0,1.0,1.0,1.0,1.0,9.638610132737613,0.95,0.985,0.994,2
Tiruvarur,black gram,Pulses,11059,1303.7,377.4,840.55,588.3849999999999,252.165,Kharif,400,700,25,35,loam,loam,20.0,35.0,1.0,1.0,1.0,1.0,9.311090275076326,0.7050326385775473,0.845,0.938,2
Nagapattinam,green gram,Pulses,16160,1430.1,322.7,876.4,613.4799999999999,262.92,Kharif,400,700,25,35,loam,loam,20.0,35.0,1.0,1.0,1.0,1.0,9.690356211348645,0.95,0.955,0.982,2
Nagapattinam,black gram,Pulses,15629,1430.1,322.7,876.4,613.4799999999999,262.92,Kharif,400,700,25,35,loam,loam,20.0,35.0,1.0,1.0,1.0,1.0,9.656947423415522,0.7736168035164757,0.955,0.982,2
Madurai,red gram,Pulses,1759,915.5,131.5,523.5,366.45,157.04999999999998,Kharif,600,1000,25,35,loam,loam,20.0,35.0,0.8725,1.0,1.0,0.929875,7.473069088032197,0.6050927249288919,0.07,0.585925,1
Madurai,green gram,Pulses,1216,915.5,131.5,523.5,366.45,157.04999999999998,Kharif,400,700,25,35,loam,loam,20.0,35.0,0.4116666666666667,1.0,1.0,0.6764166666666667,7.104144092987527,0.5478700008271977,0.0,0.40585,1
Madurai,black gram,Pulses,1009,915.5,131.5,523.5,366.45,157.04999999999998,Kharif,400,700,25,35,loam,loam,20.0,35.0,0.4116666666666667,1.0,1.0,0.6764166666666667,6.917705609835305,0.2304196677847462,0.0,0.40585,0
Theni,red gram,Pulses,1420,921.9,112.6,517.25,362.075,155.17499999999998,Kharif,600,1000,25,35,loam,loam,20.0,35.0,0.8620833333333333,1.0,1.0,0.9241458333333334,7.259116128097101,0.5644149812224059,0.08,0.5864875,1
Theni,green gram,Pulses,586,921.9,112.6,517.25,362.075,155.17499999999998,Kharif,400,700,25,35,loam,loam,20.0,35.0,0.3908333333333333,1.0,1.0,0.6649583333333333,6.375024819828097,0.4204030515529821,0.005,0.40097499999999997,1
Theni,black gram,Pulses,1258,921.9,112.6,517.25,362.075,155.17499999999998,Kharif,400,700,25,35,loam,loam,20.0,35.0,0.3908333333333333,1.0,1.0,0.6649583333333333,7.138073034044347,0.2741189691919768,0.02,0.406975,0
Dindigul,red gram,Pulses,369,959.4,194.4,576.9,403.83,173.07,Kharif,600,1000,25,35,loam,loam,20.0,35.0,0.9614999999999999,1.0,1.0,0.9788250000000001,5.91350300563827,0.3085806812899846,0.05,0.607295,0
Dindigul,green gram,Pulses,903,959.4,194.4,576.9,403.83,173.07,Kharif,400,700,25,35,loam,loam,20.0,35.0,0.5896666666666666,1.0,1.0,0.7743166666666665,6.806829360392176,0.4958924940826712,0.005,0.4665899999999999,1
Dindigul,black gram,Pulses,5967,959.4,194.4,576.9,403.83,173.07,Kharif,400,700,25,35,loam,loam,20.0,35.0,0.5896666666666666,1.0,1.0,0.7743166666666665,8.694167141883597,0.5826955461545378,0.07,0.4925899999999999,1
Ramanathapuram,green gram,Pulses,79,860.2,239.8,550.0,385.0,165.0,Kharif,400,700,25,35,loam,loam,20.0,35.0,0.5,1.0,1.0,0.7250000000000001,4.382026634673881,0.0719807728908911,0.01,0.43900000000000006,0
Virudhunagar,red gram,Pulses,653,855.0,120.5,487.75,341.42499999999995,146.325,Kharif,600,1000,25,35,loam,loam,20.0,35.0,0.8129166666666666,1.0,1.0,0.8971041666666666,6.483107351457199,0.4168765403440114,0.07,0.5662625,1
Virudhunagar,green gram,Pulses,1992,855.0,120.5,487.75,341.42499999999995,146.325,Kharif,400,700,25,35,loam,loam,20.0,35.0,0.2925,1.0,1.0,0.6108750000000001,7.597396320212795,0.6341019232871176,0.005,0.36852500000000005,1
Virudhunagar,black gram,Pulses,3316,855.0,120.5,487.75,341.42499999999995,146.325,Kharif,400,700,25,35,loam,loam,20.0,35.0,0.2925,1.0,1.0,0.6108750000000001,8.106816038947052,0.4662226465360098,0.015,0.37252500000000005,1
Sivagangai,red gram,Pulses,72,1112.0,181.1,646.55,452.5849999999999,193.965,Kharif,600,1000,25,35,loam,loam,20.0,35.0,0.11637499999999988,1.0,1.0,0.51400625,4.290459441148391,0.05,0.0,0.30840375,0
Sivagangai,black gram,Pulses,788,1112.0,181.1,646.55,452.5849999999999,193.965,Kharif,400,700,25,35,loam,loam,20.0,35.0,0.8218333333333332,1.0,1.0,0.9020083333333333,6.670766320845874,0.1814511123933656,0.01,0.5452049999999999,0
Tirunelveli,black gram,Pulses,6150,972.372277227723,419.8,696.0861386138615,487.2602970297031,208.82584158415844,Kharif,400,700,25,35,loam,loam,20.0,35.0,0.9869537953795384,1.0,1.0,0.9928245874587462,8.724369949208368,0.5886848233145672,0.14,0.6516947524752478,1
Tenkasi,black gram,Pulses,19447,790.2,148.1,469.15,328.40500000000003,140.745,Kharif,400,700,25,35,loam,loam,20.0,35.0,0.23049999999999993,1.0,1.0,0.576775,9.875499515995958,0.8169561210273691,0.925,0.7160650000000001,2
Thoothukudi,green gram,Pulses,7822,568.1,162.2,365.15,255.605,109.545,Kharif,400,700,25,35,loam,loam,20.0,35.0,0.912875,1.0,1.0,0.95208125,8.96482339168508,0.8731598711044343,0.84,0.9072487499999999,2
Thoothukudi,black gram,Pulses,24962,568.1,162.2,365.15,255.605,109.545,Kharif,400,700,25,35,loam,loam,20.0,35.0,0.912875,1.0,1.0,0.95208125,10.12515000756854,0.8664623133189512,0.985,0.96524875,2
Kanyakumari,green gram,Pulses,264,1099.5,99.1,599.3,419.50999999999993,179.79,Kharif,400,700,25,35,loam,loam,19.75,33.0,0.6643333333333332,0.8,1.0,0.7653833333333333,5.579729825986222,0.2813670524100636,0.0,0.45922999999999997,0
Ariyalur,groundnut,Oilseeds,36389,1064.4,220.7,642.5500000000001,449.785,192.765,Kharif,500,1000,25,35,sandy,loam,20.0,35.0,0.28510000000000013,1.0,0.6,0.5268050000000001,10.502049290606204,0.812966090507259,0.965,0.702083,2
Ariyalur,gingelly,Oilseeds,1126,1064.4,220.7,642.5500000000001,449.785,192.765,Kharif,300,600,25,35,sandy,loam,20.0,35.0,1.0,1.0,0.6,0.92,7.027314514039777,0.7707324826472481,0.8,0.8720000000000001,2
Chengalpattu,groundnut,Oilseeds,39858,972.372277227723,172.5,572.4361386138614,400.705297029703,171.7308415841584,Kharif,500,1000,25,35,sandy,loam,19.5,35.0,0.14487227722772286,1.0,0.6,0.4496797524752476,10.593103505644756,0.8221001702719622,0.945,0.6478078514851486,2
Chengalpattu,gingelly,Oilseeds,720,972.372277227723,172.5,572.4361386138614,400.705297029703,171.7308415841584,Kharif,300,600,25,35,sandy,loam,19.5,35.0,0.9081204620462048,1.0,0.6,0.8694662541254127,6.580639137284949,0.7097032339065847,0.72,0.8096797524752475,2
Tiruvallur,groundnut,Oilseeds,27540,1229.0,139.0,684.0,478.8,205.2,Kharif,500,1000,25,35,sandy,loam,19.5,35.0,0.368,1.0,0.6,0.5724,10.223431082444048,0.7850165778331406,0.93,0.7154400000000001,2
Tiruvallur,gingelly,Oilseeds,1632,1229.0,139.0,684.0,478.8,205.2,Kharif,300,600,25,35,sandy,loam,19.5,35.0,1.0,1.0,0.6,0.92,7.398174092970465,0.8214030202865811,0.815,0.8780000000000001,2
Tiruvallur,sunflower,Oilseeds,2,1229.0,139.0,684.0,478.8,205.2,Kharif,500,800,20,30,loam,loam,19.5,35.0,0.6133333333333333,1.0,1.0,0.7873333333333332,1.0986122886681098,0.0595770758135761,0.0,0.47239999999999993,0
Cuddalore,groundnut,Oilseeds,52429,1323.4,342.2,832.8000000000001,582.96,249.84,Kharif,500,1000,25,35,sandy,loam,20.0,35.0,0.6656000000000002,1.0,0.6,0.7360800000000002,10.86723422556658,0.8495995217370357,0.97,0.8296480000000002,2
Cuddalore,gingelly,Oilseeds,3300,1323.4,342.2,832.8000000000001,582.96,249.84,Kharif,300,600,25,35,sandy,loam,20.0,35.0,1.0,1.0,0.6,0.92,8.101980731853192,0.9175641087749674,0.665,0.8180000000000001,2
Cuddalore,sunflower,Oilseeds,12,1323.4,342.2,832.8000000000001,582.96,249.84,Kharif,500,800,20,30,loam,loam,20.0,35.0,1.0,1.0,1.0,1.0,2.5649493574615367,0.2750335305585261,0.02,0.608,0
Villupuram,groundnut,Oilseeds,93240,1137.7,144.1,640.9,448.63,192.27,Kharif,500,1000,25,35,sandy,loam,20.0,35.0,0.28179999999999994,1.0,0.6,0.52499,11.442942818102908,0.9073515786102462,0.955,0.6969939999999999,2
Villupuram,gingelly,Oilseeds,2802,1137.7,144.1,640.9,448.63,192.27,Kharif,300,600,25,35,sandy,loam,20.0,35.0,1.0,1.0,0.6,0.92,7.938445551164788,0.8952202999610779,0.775,0.8620000000000001,2
Villupuram,sunflower,Oilseeds,59,1137.7,144.1,640.9,448.63,192.27,Kharif,500,800,20,30,loam,loam,20.0,35.0,0.46966666666666657,1.0,1.0,0.7083166666666667,4.0943445622221,0.4997554418669412,0.01,0.42899000000000004,1
Kallakurichi,groundnut,Oilseeds,12834,972.372277227723,112.8,542.5861386138615,379.8102970297031,162.77584158415846,Kharif,500,1000,25,35,sandy,loam,20.0,35.0,0.08517227722772304,1.0,0.6,0.41684475247524766,9.45993109330524,0.7084262761300136,0.73,0.5421068514851486,2
Kallakurichi,gingelly,Oilseeds,6034,972.372277227723,112.8,542.5861386138615,379.8102970297031,162.77584158415846,Kharif,300,600,25,35,sandy,loam,20.0,35.0,0.8086204620462051,1.0,0.6,0.8147412541254128,8.705331133531631,0.95,0.725,0.7788447524752475,2
Kallakurichi,sunflower,Oilseeds,12,972.372277227723,112.8,542.5861386138615,379.8102970297031,162.77584158415846,Kharif,500,800,20,30,loam,loam,20.0,35.0,0.1419537953795384,1.0,1.0,0.5280745874587461,2.5649493574615367,0.2750335305585261,0.0,0.3168447524752477,0
Vellore,groundnut,Oilseeds,44180,1088.3,49.8,569.05,398.3349999999999,170.71499999999995,Kharif,500,1000,25,35,sandy,loam,20.0,35.0,0.13809999999999992,1.0,0.6,0.445955,10.696050111394271,0.8324272321001646,1.0,0.667573,2
Vellore,gingelly,Oilseeds,10,1088.3,49.8,569.05,398.3349999999999,170.71499999999995,Kharif,300,600,25,35,sandy,loam,20.0,35.0,0.8968333333333331,1.0,0.6,0.8632583333333333,2.3978952727983707,0.1382150144779402,0.065,0.543955,0
Vellore,sunflower,Oilseeds,3,1088.3,49.8,569.05,398.3349999999999,170.71499999999995,Kharif,500,800,20,30,loam,loam,20.0,35.0,0.23016666666666652,1.0,1.0,0.5765916666666666,1.3862943611198906,0.10184768380901,0.005,0.34795499999999996,0
Ranipet,groundnut,Oilseeds,35298,972.372277227723,44.0,508.1861386138615,355.730297029703,152.45584158415843,Kharif,500,1000,25,35,sandy,loam,20.0,35.0,0.016372277227722973,1.0,0.6,0.3790047524752476,10.471609913908228,0.809912572395775,0.955,0.6094028514851486,2
Ranipet,gingelly,Oilseeds,502,972.372277227723,44.0,508.1861386138615,355.730297029703,152.45584158415843,Kharif,300,600,25,35,sandy,loam,20.0,35.0,0.6939537953795383,1.0,0.6,0.7516745874587462,6.220590170099739,0.660509749956772,0.04,0.4670047524752477,1
Ranipet,sunflower,Oilseeds,2,972.372277227723,44.0,508.1861386138615,355.730297029703,152.45584158415843,Kharif,500,800,20,30,loam,loam,20.0,35.0,0.027287128712871624,1.0,1.0,0.4650079207920794,1.0986122886681098,0.0595770758135761,0.005,0.28100475247524764,0
Tirupathur,groundnut,Oilseeds,20480,972.372277227723,16.7,494.5361386138615,346.175297029703,148.36084158415844,Kharif,500,1000,25,35,sandy,loam,20.0,35.0,0.9890722772277231,1.0,0.6,0.9139897524752477,9.92725290608639,0.7553055415426203,0.935,0.9223938514851486,2
Tirupathur,gingelly,Oilseeds,45,972.372277227723,16.7,494.5361386138615,346.175297029703,148.36084158415844,Kharif,300,600,25,35,sandy,loam,20.0,35.0,0.6484537953795384,1.0,0.6,0.7266495874587461,3.828641396489095,0.3336978317799297,0.0,0.4359897524752476,0
Tiruvannamalai,groundnut,Oilseeds,234806,1034.5,74.2,554.35,388.045,166.305,Kharif,500,1000,25,35,sandy,loam,20.0,35.0,0.10870000000000005,1.0,0.6,0.42978500000000003,12.366519179098166,0.95,0.985,0.6518710000000001,2
Tiruvannamalai,gingelly,Oilseeds,2123,1034.5,74.2,554.35,388.045,166.305,Kharif,300,600,25,35,sandy,loam,20.0,35.0,0.8478333333333334,1.0,0.6,0.8363083333333334,7.66105638236183,0.8573206227864983,0.785,0.8157850000000001,2
Tiruvannamalai,sunflower,Oilseeds,195,1034.5,74.2,554.35,388.045,166.305,Kharif,500,800,20,30,loam,loam,20.0,35.0,0.18116666666666675,1.0,1.0,0.5496416666666668,5.278114659230517,0.6736928766917917,0.005,0.33178500000000005,1
Salem,groundnut,Oilseeds,54866,967.9,62.4,515.15,360.605,154.545,Kharif,500,1000,25,35,sandy,loam,20.0,35.0,0.030299999999999955,1.0,0.6,0.386665,10.912667353872685,0.8541571341192004,0.95,0.611999,2
Salem,gingelly,Oilseeds,1816,967.9,62.4,515.15,360.605,154.545,Kharif,300,600,25,35,sandy,loam,20.0,35.0,0.7171666666666666,1.0,0.6,0.7644416666666667,7.504942068396171,0.8359907268602724,0.825,0.788665,2
Salem,sunflower,Oilseeds,20,967.9,62.4,515.15,360.605,154.545,Kharif,500,800,20,30,loam,loam,20.0,35.0,0.05049999999999993,1.0,1.0,0.47777499999999995,3.044522437723423,0.3454996722549669,0.025,0.29666499999999996,0
Namakkal,groundnut,Oilseeds,70594,629.2,66.3,347.75,243.425,104.325,Kharif,500,1000,25,35,sandy,loam,20.0,35.0,0.6955,1.0,0.6,0.752525,11.164714599443624,0.8794411876311,0.97,0.839515,2
Namakkal,gingelly,Oilseeds,723,629.2,66.3,347.75,243.425,104.325,Kharif,300,600,25,35,sandy,loam,20.0,35.0,0.15916666666666668,1.0,0.6,0.4575416666666667,6.584791392385716,0.7102705564467714,0.83,0.606525,2
Dharmapuri,groundnut,Oilseeds,47673,918.4,59.8,489.1,342.36999999999995,146.73,Kharif,500,1000,25,35,sandy,loam,20.0,35.0,0.9782000000000001,1.0,0.6,0.9080100000000001,10.772141454894674,0.8400603153203303,0.965,0.930806,2
Dharmapuri,gingelly,Oilseeds,113,918.4,59.8,489.1,342.36999999999995,146.73,Kharif,300,600,25,35,sandy,loam,20.0,35.0,0.6303333333333334,1.0,0.6,0.7166833333333334,4.736198448394496,0.4576973355570971,0.005,0.43201000000000006,1
Krishnagiri,groundnut,Oilseeds,27423,798.6,45.9,422.25,295.575,126.675,Kharif,500,1000,25,35,sandy,loam,20.0,35.0,0.8445,1.0,0.6,0.834475,10.219173821397506,0.7845895118048211,0.95,0.8806849999999999,2
Krishnagiri,gingelly,Oilseeds,148,798.6,45.9,422.25,295.575,126.675,Kharif,300,600,25,35,sandy,loam,20.0,35.0,0.4075,1.0,0.6,0.594125,5.003946305945459,0.4942797205476771,0.17,0.424475,1
Coimbatore,groundnut,Oilseeds,9021,1585.3,118.5,851.9,596.3299999999999,255.57,Kharif,500,1000,25,35,sandy,loam,20.0,35.0,0.7038,1.0,0.6,0.75709,9.107421317968342,0.6730643502224468,0.085,0.48825399999999997,1
Coimbatore,gingelly,Oilseeds,96,1585.3,118.5,851.9,596.3299999999999,255.57,Kharif,300,600,25,35,sandy,loam,20.0,35.0,1.0,1.0,0.6,0.92,4.574710978503383,0.4356333054328339,0.02,0.56,1
Tiruppur,groundnut,Oilseeds,8027,748.8,118.4,433.6,303.52,130.07999999999998,Kharif,500,1000,25,35,sandy,loam,20.0,35.0,0.8672000000000001,1.0,0.6,0.84696,8.990690709916228,0.6613545498087163,0.355,0.650176,1
Tiruppur,gingelly,Oilseeds,377,748.8,118.4,433.6,303.52,130.07999999999998,Kharif,300,600,25,35,sandy,loam,20.0,35.0,0.4453333333333334,1.0,0.6,0.6149333333333333,5.934894195619588,0.6214751140710209,0.17,0.43696,1
Erode,groundnut,Oilseeds,35599,629.5,78.5,354.0,247.8,106.2,Kharif,500,1000,25,35,sandy,loam,20.0,35.0,0.708,1.0,0.6,0.7594,10.480100916840122,0.8107643451339114,0.975,0.84564,2
Erode,gingelly,Oilseeds,4378,629.5,78.5,354.0,247.8,106.2,Kharif,300,600,25,35,sandy,loam,20.0,35.0,0.18,1.0,0.6,0.469,8.384575666801398,0.95,0.915,0.6474,2
Erode,sunflower,Oilseeds,32,629.5,78.5,354.0,247.8,106.2,Kharif,500,800,20,30,loam,loam,20.0,35.0,0.708,1.0,1.0,0.8393999999999999,3.49650756146648,0.4119121734674393,0.215,0.5896399999999999,1
Tiruchirapalli,groundnut,Oilseeds,18538,796.6,139.2,467.9,327.53,140.36999999999998,Kharif,500,1000,25,35,sandy,loam,20.0,35.0,0.9358,1.0,0.6,0.88469,9.827631900232593,0.7453120863980858,0.92,0.898814,2
Tiruchirapalli,gingelly,Oilseeds,1034,796.6,139.2,467.9,327.53,140.36999999999998,Kharif,300,600,25,35,sandy,loam,20.0,35.0,0.5596666666666666,1.0,0.6,0.6778166666666666,6.942156705699469,0.7590973728161035,0.805,0.7286900000000001,2
Tiruchirapalli,sunflower,Oilseeds,15,796.6,139.2,467.9,327.53,140.36999999999998,Kharif,500,800,20,30,loam,loam,20.0,35.0,0.9358,1.0,1.0,0.96469,2.772588722239781,0.30554305142703,0.03,0.5908140000000001,0
Karur,groundnut,Oilseeds,2940,684.2,109.1,396.65,277.65500000000003,118.995,Kharif,500,1000,25,35,sandy,loam,20.0,35.0,0.7933,1.0,0.6,0.806315,7.9865049385539955,0.5606199168175978,0.075,0.5137889999999999,1
Karur,gingelly,Oilseeds,2331,684.2,109.1,396.65,277.65500000000003,118.995,Kharif,300,600,25,35,sandy,loam,20.0,35.0,0.3221666666666666,1.0,0.6,0.5471916666666666,7.754481547470383,0.8700853014250904,0.865,0.674315,2
Karur,sunflower,Oilseeds,108,684.2,109.1,396.65,277.65500000000003,118.995,Kharif,500,800,20,30,loam,loam,20.0,35.0,0.7933,1.0,1.0,0.886315,4.691347882229144,0.5874762132619683,0.025,0.541789,1
Perambalur,groundnut,Oilseeds,5661,1102.4,157.6,630.0,441.0,189.0,Kharif,500,1000,25,35,sandy,loam,20.0,35.0,0.26,1.0,0.6,0.513,8.641532465671846,0.6263288318660413,0.01,0.3118,1
Perambalur,gingelly,Oilseeds,337,1102.4,157.6,630.0,441.0,189.0,Kharif,300,600,25,35,sandy,loam,20.0,35.0,1.0,1.0,0.6,0.92,5.823045895483019,0.6061932828229069,0.065,0.5780000000000001,1
Ariyalur,sunflower,Oilseeds,1,1064.4,220.7,642.5500000000001,449.785,192.765,Kharif,500,800,20,30,loam,loam,20.0,35.0,0.4751666666666669,1.0,1.0,0.7113416666666668,0.6931471805599453,0.05,0.0,0.42680500000000005,0
Pudukkottai,groundnut,Oilseeds,31264,947.6,191.1,569.35,398.545,170.805,Kharif,500,1000,25,35,sandy,loam,20.0,35.0,0.13870000000000005,1.0,0.6,0.44628500000000004,10.350254540001398,0.7977388398050203,0.985,0.6617710000000001,2
Pudukkottai,gingelly,Oilseeds,646,947.6,191.1,569.35,398.545,170.805,Kharif,300,600,25,35,sandy,loam,20.0,35.0,0.8978333333333334,1.0,0.6,0.8638083333333334,6.472346294500901,0.6949071847329836,0.175,0.588285,1
Thanjavur,groundnut,Oilseeds,42712,968.1,278.6,623.35,436.345,187.005,Kharif,500,1000,25,35,sandy,loam,20.0,35.0,0.24670000000000006,1.0,0.6,0.505685,10.662258602530038,0.8290374457272338,0.97,0.691411,2
Thanjavur,gingelly,Oilseeds,2729,968.1,278.6,623.35,436.345,187.005,Kharif,300,600,25,35,sandy,loam,20.0,35.0,1.0,1.0,0.6,0.92,7.912056888179006,0.8916148174090883,0.7,0.8320000000000001,2
Thanjavur,sunflower,Oilseeds,3,968.1,278.6,623.35,436.345,187.005,Kharif,500,800,20,30,loam,loam,20.0,35.0,0.41116666666666674,1.0,1.0,0.6761416666666666,1.3862943611198906,0.10184768380901,0.005,0.40768499999999996,0
Tiruvarur,groundnut,Oilseeds,13518,1303.7,377.4,840.55,588.3849999999999,252.165,Kharif,500,1000,25,35,sandy,loam,20.0,35.0,0.6810999999999999,1.0,0.6,0.744605,9.511851382364403,0.7136346463462863,0.885,0.800763,2
Tiruvarur,gingelly,Oilseeds,308,1303.7,377.4,840.55,588.3849999999999,252.165,Kharif,300,600,25,35,sandy,loam,20.0,35.0,1.0,1.0,0.6,0.92,5.733341276897746,0.5939369423892771,0.06,0.5760000000000001,1
Nagapattinam,groundnut,Oilseeds,11432,1430.1,322.7,876.4,613.4799999999999,262.92,Kharif,500,1000,25,35,sandy,loam,20.0,35.0,0.7527999999999999,1.0,0.6,0.78404,9.34425918954197,0.6968226793600951,0.22,0.5584239999999999,1
Nagapattinam,gingelly,Oilseeds,1014,1430.1,322.7,876.4,613.4799999999999,262.92,Kharif,300,600,25,35,sandy,loam,20.0,35.0,1.0,1.0,0.6,0.92,6.922643891475888,0.7564313373575718,0.57,0.78,2
Madurai,groundnut,Oilseeds,5446,915.5,131.5,523.5,366.45,157.04999999999998,Kharif,500,1000,25,35,sandy,loam,20.0,35.0,0.047,1.0,0.6,0.39585,8.602820277383675,0.6224454288237915,0.055,0.25950999999999996,1
Madurai,gingelly,Oilseeds,156,915.5,131.5,523.5,366.45,157.04999999999998,Kharif,300,600,25,35,sandy,loam,20.0,35.0,0.745,1.0,0.6,0.77975,5.056245805348308,0.5014254002161146,0.025,0.47785,1
Theni,groundnut,Oilseeds,5562,921.9,112.6,517.25,362.075,155.17499999999998,Kharif,500,1000,25,35,sandy,loam,20.0,35.0,0.0345,1.0,0.6,0.388975,8.623892810075294,0.6245593144288464,0.065,0.25938500000000003,1
Theni,gingelly,Oilseeds,339,921.9,112.6,517.25,362.075,155.17499999999998,Kharif,300,600,25,35,sandy,loam,20.0,35.0,0.7241666666666666,1.0,0.6,0.7682916666666667,5.828945617610208,0.6069993617516735,0.05,0.48097500000000004,1
Dindigul,groundnut,Oilseeds,8926,959.4,194.4,576.9,403.83,173.07,Kharif,500,1000,25,35,sandy,loam,20.0,35.0,0.15379999999999996,1.0,0.6,0.45459,9.09683567117936,0.6720024538336791,0.095,0.310754,1
Dindigul,gingelly,Oilseeds,166,959.4,194.4,576.9,403.83,173.07,Kharif,300,600,25,35,sandy,loam,20.0,35.0,0.9229999999999999,1.0,0.6,0.87765,5.117993812416755,0.5098620293179891,0.065,0.55259,1
Dindigul,sunflower,Oilseeds,194,959.4,194.4,576.9,403.83,173.07,Kharif,500,800,20,30,loam,loam,20.0,35.0,0.25633333333333325,1.0,1.0,0.5909833333333333,5.272999558563747,0.6729412886164574,0.02,0.36258999999999997,1
Ramanathapuram,groundnut,Oilseeds,5735,860.2,239.8,550.0,385.0,165.0,Kharif,500,1000,25,35,sandy,loam,20.0,35.0,0.1,1.0,0.6,0.425,8.654517382279456,0.6276314103790922,0.07,0.28300000000000003,1
Ramanathapuram,gingelly,Oilseeds,198,860.2,239.8,550.0,385.0,165.0,Kharif,300,600,25,35,sandy,loam,20.0,35.0,0.8333333333333334,1.0,0.6,0.8283333333333334,5.293304824724492,0.533814769795508,0.11,0.541,1
Virudhunagar,groundnut,Oilseeds,7955,855.0,120.5,487.75,341.42499999999995,146.325,Kharif,500,1000,25,35,sandy,loam,20.0,35.0,0.9755,1.0,0.6,0.906525,8.981681639973862,0.6604508073139342,0.14,0.5999150000000001,1
Virudhunagar,gingelly,Oilseeds,333,855.0,120.5,487.75,341.42499999999995,146.325,Kharif,300,600,25,35,sandy,loam,20.0,35.0,0.6258333333333334,1.0,0.6,0.7142083333333334,5.811140992976701,0.6045667162062961,0.02,0.43652500000000005,1
Virudhunagar,sunflower,Oilseeds,1805,855.0,120.5,487.75,341.42499999999995,146.325,Kharif,500,800,20,30,loam,loam,20.0,35.0,0.9755,1.0,1.0,0.9865250000000001,7.498869733976931,0.95,0.17,0.659915,2
Sivagangai,groundnut,Oilseeds,5886,1112.0,181.1,646.55,452.5849999999999,193.965,Kharif,500,1000,25,35,sandy,loam,20.0,35.0,0.2930999999999999,1.0,0.6,0.5312049999999999,8.68050180902826,0.6302380313516983,0.025,0.32872299999999993,1
Sivagangai,gingelly,Oilseeds,61,1112.0,181.1,646.55,452.5849999999999,193.965,Kharif,300,600,25,35,sandy,loam,20.0,35.0,1.0,1.0,0.6,0.92,4.127134385045092,0.3744809234700875,0.03,0.5640000000000001,0
Tirunelveli,groundnut,Oilseeds,2119,972.372277227723,419.8,696.0861386138615,487.2602970297031,208.82584158415844,Kharif,500,1000,25,35,sandy,loam,20.0,35.0,0.392172277227723,1.0,0.6,0.5856947524752477,7.659171367666058,0.5277835352740337,0.015,0.3574168514851486,1
Tirunelveli,gingelly,Oilseeds,3,972.372277227723,419.8,696.0861386138615,487.2602970297031,208.82584158415844,Kharif,300,600,25,35,sandy,loam,20.0,35.0,1.0,1.0,0.6,0.92,1.3862943611198906,0.05,0.02,0.56,0
Tenkasi,groundnut,Oilseeds,1518,790.2,148.1,469.15,328.40500000000003,140.745,Kharif,500,1000,25,35,sandy,loam,20.0,35.0,0.9382999999999999,1.0,0.6,0.886065,7.325807502595773,0.4943422263469004,0.05,0.551639,1
Tenkasi,gingelly,Oilseeds,213,790.2,148.1,469.15,328.40500000000003,140.745,Kharif,300,600,25,35,sandy,loam,20.0,35.0,0.5638333333333333,1.0,0.6,0.6801083333333333,5.365976015021851,0.5437438332266717,0.05,0.428065,1
Thoothukudi,groundnut,Oilseeds,3119,568.1,162.2,365.15,255.605,109.545,Kharif,500,1000,25,35,sandy,loam,20.0,35.0,0.7303,1.0,0.6,0.7716649999999999,8.045588280803528,0.5665468468410351,0.43,0.634999,1
Thoothukudi,gingelly,Oilseeds,306,568.1,162.2,365.15,255.605,109.545,Kharif,300,600,25,35,sandy,loam,20.0,35.0,0.2171666666666666,1.0,0.6,0.48944166666666666,5.726847747587197,0.5930497315956635,0.49,0.489665,1
Thoothukudi,sunflower,Oilseeds,1146,568.1,162.2,365.15,255.605,109.545,Kharif,500,800,20,30,loam,loam,20.0,35.0,0.7303,1.0,1.0,0.8516649999999999,7.044905117129371,0.933296494739397,0.7,0.7909989999999998,2
Kanyakumari,groundnut,Oilseeds,10,1099.5,99.1,599.3,419.50999999999993,179.79,Kharif,500,1000,25,35,sandy,loam,19.75,33.0,0.19859999999999992,0.8,0.6,0.42923,2.3978952727983707,0.05,0.01,0.261538,0
Ariyalur,cotton,Commercial,17974,1064.4,220.7,642.5500000000001,449.785,192.765,Kharif,700,1300,20,30,black,loam,20.0,35.0,0.9179285714285715,1.0,0.6,0.8748607142857144,9.796737182589249,0.8448339341632257,0.92,0.8929164285714286,2
Ariyalur,sugarcane,Commercial,440925,1064.4,220.7,642.5500000000001,449.785,192.765,Annual,1500,2000,20,35,loam,loam,20.0,35.0,0.42836666666666673,1.0,1.0,0.6856016666666667,12.996632339895395,0.8439626999871276,0.935,0.785361,2
Ariyalur,coconut,Commercial,20,1064.4,220.7,642.5500000000001,449.785,192.765,Annual,1500,2000,25,35,loam,loam,20.0,35.0,0.42836666666666673,1.0,1.0,0.6856016666666667,3.044522437723423,0.1795120440014959,0.005,0.413361,0
Chengalpattu,sugarcane,Commercial,75650,972.372277227723,172.5,572.4361386138614,400.705297029703,171.7308415841584,Annual,1500,2000,20,35,loam,loam,19.5,35.0,0.38162409240924094,1.0,1.0,0.6598932508250825,11.233885937899789,0.6695704474376225,0.215,0.48193595049504956,1
Chengalpattu,coconut,Commercial,136,972.372277227723,172.5,572.4361386138614,400.705297029703,171.7308415841584,Annual,1500,2000,25,35,loam,loam,19.5,35.0,0.38162409240924094,1.0,1.0,0.6598932508250825,4.919980925828125,0.4141096448443842,0.025,0.40593595049504955,1
Cuddalore,cotton,Commercial,14774,1323.4,342.2,832.8000000000001,582.96,249.84,Kharif,700,1300,20,30,black,loam,20.0,35.0,0.22133333333333344,1.0,0.6,0.4917333333333334,9.6006918422743,0.8143167190198578,0.8,0.61504,2
Cuddalore,sugarcane,Commercial,1851533,1323.4,342.2,832.8000000000001,582.96,249.84,Annual,1500,2000,20,35,loam,loam,20.0,35.0,0.5552,1.0,1.0,0.75536,14.43152504265626,0.95,0.62,0.7012160000000001,2
Cuddalore,coconut,Commercial,191,1323.4,342.2,832.8000000000001,582.96,249.84,Annual,1500,2000,25,35,loam,loam,20.0,35.0,0.5552,1.0,1.0,0.75536,5.2574953720277815,0.4563286967884627,0.005,0.455216,1
Villupuram,cotton,Commercial,1016,1137.7,144.1,640.9,448.63,192.27,Kharif,700,1300,20,30,black,loam,20.0,35.0,0.9155714285714286,1.0,0.6,0.8735642857142858,6.92461239604856,0.3977473067093254,0.115,0.5701385714285715,0
Villupuram,sugarcane,Commercial,1459147,1137.7,144.1,640.9,448.63,192.27,Annual,1500,2000,20,35,loam,loam,20.0,35.0,0.42726666666666663,1.0,1.0,0.6849966666666667,14.193363261702316,0.95,0.96,0.7949980000000001,2
Villupuram,coconut,Commercial,110,1137.7,144.1,640.9,448.63,192.27,Annual,1500,2000,25,35,loam,loam,20.0,35.0,0.42726666666666663,1.0,1.0,0.6849966666666667,4.709530201312334,0.3877847566209472,0.015,0.41699800000000004,0
Kallakurichi,cotton,Commercial,19833,972.372277227723,112.8,542.5861386138615,379.8102970297031,162.77584158415846,Kharif,700,1300,20,30,black,loam,20.0,35.0,0.7751230551626593,1.0,0.6,0.7963176803394626,9.89515291574607,0.8601537275202836,0.97,0.8657906082036775,2
Kallakurichi,sugarcane,Commercial,2134721,972.372277227723,112.8,542.5861386138615,379.8102970297031,162.77584158415846,Annual,1500,2000,20,35,loam,loam,20.0,35.0,0.361724092409241,1.0,1.0,0.6489482508250826,14.57384698539387,0.95,0.99,0.7853689504950496,2
Kallakurichi,coconut,Commercial,4173,972.372277227723,112.8,542.5861386138615,379.8102970297031,162.77584158415846,Annual,1500,2000,25,35,loam,loam,20.0,35.0,0.361724092409241,1.0,1.0,0.6489482508250826,8.336630087637147,0.8414919096964728,0.855,0.7313689504950496,2
Vellore,cotton,Commercial,100,1088.3,49.8,569.05,398.3349999999999,170.71499999999995,Kharif,700,1300,20,30,black,loam,20.0,35.0,0.8129285714285713,1.0,0.6,0.8171107142857142,4.61512051684126,0.05,0.065,0.5162664285714286,0
Vellore,sugarcane,Commercial,140494,1088.3,49.8,569.05,398.3349999999999,170.71499999999995,Annual,1500,2000,20,35,loam,loam,20.0,35.0,0.37936666666666663,1.0,1.0,0.6586516666666666,11.852927179934088,0.7308135147881997,0.95,0.775191,2
Vellore,coconut,Commercial,1099,1088.3,49.8,569.05,398.3349999999999,170.71499999999995,Annual,1500,2000,25,35,loam,loam,20.0,35.0,0.37936666666666663,1.0,1.0,0.6586516666666666,7.003065458786462,0.6746788000053765,0.14,0.45119099999999995,1
Ranipet,cotton,Commercial,78,972.372277227723,44.0,508.1861386138615,355.730297029703,152.45584158415843,Kharif,700,1300,20,30,black,loam,20.0,35.0,0.7259801980198021,1.0,0.6,0.7692891089108912,4.3694478524670215,0.05,0.125,0.5115734653465347,0
Ranipet,sugarcane,Commercial,118590,972.372277227723,44.0,508.1861386138615,355.730297029703,152.45584158415843,Annual,1500,2000,20,35,loam,loam,20.0,35.0,0.33879075907590767,1.0,1.0,0.6363349174917492,11.68343587733749,0.7140453795567745,0.885,0.7358009504950496,2
Ranipet,coconut,Commercial,70,972.372277227723,44.0,508.1861386138615,355.730297029703,152.45584158415843,Annual,1500,2000,25,35,loam,loam,20.0,35.0,0.33879075907590767,1.0,1.0,0.6363349174917492,4.262679877041316,0.331889083816274,0.025,0.39180095049504954,0
Tirupathur,cotton,Commercial,14115,972.372277227723,16.7,494.5361386138615,346.175297029703,148.36084158415844,Kharif,700,1300,20,30,black,loam,20.0,35.0,0.7064801980198021,1.0,0.6,0.7585641089108912,9.55506418479516,0.807214132253236,0.98,0.8471384653465347,2
Tirupathur,sugarcane,Commercial,39263,972.372277227723,16.7,494.5361386138615,346.175297029703,148.36084158415844,Annual,1500,2000,20,35,loam,loam,20.0,35.0,0.32969075907590767,1.0,1.0,0.6313299174917493,10.578063347510636,0.6046885230261833,0.135,0.43279795049504954,1
Tirupathur,coconut,Commercial,773,972.372277227723,16.7,494.5361386138615,346.175297029703,148.36084158415844,Annual,1500,2000,25,35,loam,loam,20.0,35.0,0.32969075907590767,1.0,1.0,0.6313299174917493,6.651571873589727,0.6307111236628565,0.04,0.39479795049504957,1
Tiruvannamalai,cotton,Commercial,2184,1034.5,74.2,554.35,388.045,166.305,Kharif,700,1300,20,30,black,loam,20.0,35.0,0.7919285714285714,1.0,0.6,0.8055607142857143,7.68937110752969,0.5167927586111227,0.08,0.5153364285714286,1
Tiruvannamalai,sugarcane,Commercial,1057701,1034.5,74.2,554.35,388.045,166.305,Annual,1500,2000,20,35,loam,loam,20.0,35.0,0.36956666666666665,1.0,1.0,0.6532616666666666,13.871609188209696,0.9305260214799134,0.95,0.771957,2
Tiruvannamalai,coconut,Commercial,40,1034.5,74.2,554.35,388.045,166.305,Annual,1500,2000,25,35,loam,loam,20.0,35.0,0.36956666666666665,1.0,1.0,0.6532616666666666,3.713572066704308,0.2632022129917772,0.025,0.40195699999999995,0
Salem,cotton,Commercial,40029,967.9,62.4,515.15,360.605,154.545,Kharif,700,1300,20,30,black,loam,20.0,35.0,0.7359285714285714,1.0,0.6,0.7747607142857144,10.59738445198662,0.95,0.99,0.8608564285714286,2
Salem,sugarcane,Commercial,364562,967.9,62.4,515.15,360.605,154.545,Annual,1500,2000,20,35,loam,loam,20.0,35.0,0.3434333333333333,1.0,1.0,0.6388883333333333,12.806454655001996,0.8251480169359164,0.975,0.773333,2
Salem,coconut,Commercial,1420,967.9,62.4,515.15,360.605,154.545,Annual,1500,2000,25,35,loam,loam,20.0,35.0,0.3434333333333333,1.0,1.0,0.6388883333333333,7.259116128097101,0.7067077001892434,0.875,0.733333,2
Namakkal,cotton,Commercial,5714,629.2,66.3,347.75,243.425,104.325,Kharif,700,1300,20,30,black,loam,20.0,35.0,0.4967857142857143,1.0,0.6,0.6432321428571429,8.65084957622891,0.6664604081348128,0.14,0.44193928571428576,1
Namakkal,sugarcane,Commercial,1400119,629.2,66.3,347.75,243.425,104.325,Annual,1500,2000,20,35,loam,loam,20.0,35.0,0.23183333333333334,1.0,1.0,0.5775083333333333,14.152068505197942,0.95,0.935,0.720505,2
Namakkal,coconut,Commercial,1112,629.2,66.3,347.75,243.425,104.325,Annual,1500,2000,25,35,loam,loam,20.0,35.0,0.23183333333333334,1.0,1.0,0.5775083333333333,7.014814351275545,0.6761484470319472,0.195,0.42450499999999997,1
Dharmapuri,cotton,Commercial,24866,918.4,59.8,489.1,342.36999999999995,146.73,Kharif,700,1300,20,30,black,loam,20.0,35.0,0.6987142857142857,1.0,0.6,0.7542928571428572,10.121296902259637,0.895356220365696,1.0,0.8525757142857143,2
Dharmapuri,sugarcane,Commercial,92529,918.4,59.8,489.1,342.36999999999995,146.73,Annual,1500,2000,20,35,loam,loam,20.0,35.0,0.32606666666666667,1.0,1.0,0.6293366666666667,11.435288195243077,0.6894956013263999,0.225,0.467602,1
Dharmapuri,coconut,Commercial,610,918.4,59.8,489.1,342.36999999999995,146.73,Annual,1500,2000,25,35,loam,loam,20.0,35.0,0.32606666666666667,1.0,1.0,0.6293366666666667,6.415096959171596,0.6011309181110481,0.005,0.379602,1
Krishnagiri,cotton,Commercial,4750,798.6,45.9,422.25,295.575,126.675,Kharif,700,1300,20,30,black,loam,20.0,35.0,0.6032142857142857,1.0,0.6,0.7017678571428572,8.46611040118692,0.6377031566688626,0.12,0.4690607142857143,1
Krishnagiri,sugarcane,Commercial,33145,798.6,45.9,422.25,295.575,126.675,Annual,1500,2000,20,35,loam,loam,20.0,35.0,0.2815,1.0,1.0,0.604825,10.40867732468349,0.5879308033463777,0.21,0.446895,1
Krishnagiri,coconut,Commercial,1676,798.6,45.9,422.25,295.575,126.675,Annual,1500,2000,25,35,loam,loam,20.0,35.0,0.2815,1.0,1.0,0.604825,7.424761761823209,0.7274280032557837,0.83,0.694895,2
Coimbatore,cotton,Commercial,1128,1585.3,118.5,851.9,596.3299999999999,255.57,Kharif,700,1300,20,30,black,loam,20.0,35.0,0.25316666666666665,1.0,0.6,0.5092416666666667,7.029087564149662,0.4140103363582774,0.045,0.323545,1
Coimbatore,sugarcane,Commercial,49667,1585.3,118.5,851.9,596.3299999999999,255.57,Annual,1500,2000,20,35,loam,loam,20.0,35.0,0.5679333333333333,1.0,1.0,0.7623633333333333,10.813116141536732,0.6279427961149607,0.24,0.553418,1
Coimbatore,coconut,Commercial,14820,1585.3,118.5,851.9,596.3299999999999,255.57,Annual,1500,2000,25,35,loam,loam,20.0,35.0,0.5679333333333333,1.0,1.0,0.7623633333333333,9.603800372956917,0.95,0.605,0.6994179999999999,2
Tiruppur,cotton,Commercial,4310,748.8,118.4,433.6,303.52,130.07999999999998,Kharif,700,1300,20,30,black,loam,20.0,35.0,0.6194285714285714,1.0,0.6,0.7106857142857143,8.368925174747135,0.6225749089928134,0.145,0.48441142857142855,1
Tiruppur,sugarcane,Commercial,313657,748.8,118.4,433.6,303.52,130.07999999999998,Annual,1500,2000,20,35,loam,loam,20.0,35.0,0.2890666666666667,1.0,1.0,0.6089866666666668,12.656058499337028,0.810269005223564,0.97,0.7533920000000001,2
Tiruppur,coconut,Commercial,5153,748.8,118.4,433.6,303.52,130.07999999999998,Annual,1500,2000,25,35,loam,loam,20.0,35.0,0.2890666666666667,1.0,1.0,0.6089866666666668,8.54752839121231,0.8678727847488277,0.87,0.713392,2
Erode,cotton,Commercial,2891,629.5,78.5,354.0,247.8,106.2,Kharif,700,1300,20,30,black,loam,20.0,35.0,0.5057142857142857,1.0,0.6,0.6481428571428571,7.969703583278656,0.560430452117944,0.1,0.4288857142857143,1
Erode,sugarcane,Commercial,1626476,629.5,78.5,354.0,247.8,106.2,Annual,1500,2000,20,35,loam,loam,20.0,35.0,0.236,1.0,1.0,0.5798000000000001,14.301926884002448,0.95,0.945,0.7258800000000001,2
Erode,coconut,Commercial,1447,629.5,78.5,354.0,247.8,106.2,Annual,1500,2000,25,35,loam,loam,20.0,35.0,0.236,1.0,1.0,0.5798000000000001,7.277938572945661,0.7090621646743158,0.74,0.64388,2
Tiruchirapalli,cotton,Commercial,29829,796.6,139.2,467.9,327.53,140.36999999999998,Kharif,700,1300,20,30,black,loam,20.0,35.0,0.6684285714285714,1.0,0.6,0.7376357142857143,10.303269877508797,0.923682873919593,0.985,0.8365814285714286,2
Tiruchirapalli,sugarcane,Commercial,150762,796.6,139.2,467.9,327.53,140.36999999999998,Annual,1500,2000,20,35,loam,loam,20.0,35.0,0.31193333333333334,1.0,1.0,0.6215633333333334,11.923464346360586,0.7377919067608909,0.975,0.762938,2
Tiruchirapalli,coconut,Commercial,212,796.6,139.2,467.9,327.53,140.36999999999998,Annual,1500,2000,25,35,loam,loam,20.0,35.0,0.31193333333333334,1.0,1.0,0.6215633333333334,5.3612921657094255,0.4693124439240796,0.025,0.382938,1
Karur,cotton,Commercial,871,684.2,109.1,396.65,277.65500000000003,118.995,Kharif,700,1300,20,30,black,loam,20.0,35.0,0.5666428571428571,1.0,0.6,0.6816535714285714,6.77078942390898,0.3738025971475753,0.035,0.42299214285714287,0
Karur,sugarcane,Commercial,109465,684.2,109.1,396.65,277.65500000000003,118.995,Annual,1500,2000,20,35,loam,loam,20.0,35.0,0.2644333333333333,1.0,1.0,0.5954383333333333,11.603369277739771,0.7061242204824928,0.83,0.689263,2
Karur,coconut,Commercial,598,684.2,109.1,396.65,277.65500000000003,118.995,Annual,1500,2000,25,35,loam,loam,20.0,35.0,0.2644333333333333,1.0,1.0,0.5954383333333333,6.395261598115449,0.5986497498286582,0.225,0.44726299999999997,1
Perambalur,cotton,Commercial,48704,1102.4,157.6,630.0,441.0,189.0,Kharif,700,1300,20,30,black,loam,20.0,35.0,0.9,1.0,0.6,0.8650000000000001,10.793536973205056,0.95,0.945,0.897,2
Perambalur,sugarcane,Commercial,256993,1102.4,157.6,630.0,441.0,189.0,Annual,1500,2000,20,35,loam,loam,20.0,35.0,0.42,1.0,1.0,0.681,12.456808017301324,0.7905567310447922,0.955,0.7906,2
Perambalur,coconut,Commercial,28,1102.4,157.6,630.0,441.0,189.0,Annual,1500,2000,25,35,loam,loam,20.0,35.0,0.42,1.0,1.0,0.681,3.367295829986474,0.2198871650298238,0.025,0.4186,0
Pudukkottai,cotton,Commercial,145,947.6,191.1,569.35,398.545,170.805,Kharif,700,1300,20,30,black,loam,20.0,35.0,0.8133571428571429,1.0,0.6,0.8173464285714286,4.983606621708336,0.0956024522848314,0.045,0.5084078571428571,0
Pudukkottai,sugarcane,Commercial,285922,947.6,191.1,569.35,398.545,170.805,Annual,1500,2000,20,35,loam,loam,20.0,35.0,0.37956666666666666,1.0,1.0,0.6587616666666667,12.563477822783648,0.8011098018869849,0.94,0.7712570000000001,2
Pudukkottai,coconut,Commercial,793,947.6,191.1,569.35,398.545,170.805,Annual,1500,2000,25,35,loam,loam,20.0,35.0,0.37956666666666666,1.0,1.0,0.6587616666666667,6.677083461247136,0.6339023205334252,0.1,0.435257,1
Thanjavur,cotton,Commercial,5321,968.1,278.6,623.35,436.345,187.005,Kharif,700,1300,20,30,black,loam,20.0,35.0,0.8905000000000001,1.0,0.6,0.8597750000000001,8.579604451537634,0.6553701022156467,0.14,0.5718650000000001,1
Thanjavur,sugarcane,Commercial,470190,968.1,278.6,623.35,436.345,187.005,Annual,1500,2000,20,35,loam,loam,20.0,35.0,0.4155666666666667,1.0,1.0,0.6785616666666667,13.060894274113766,0.8503202698842167,0.985,0.801137,2
Thanjavur,coconut,Commercial,5535,968.1,278.6,623.35,436.345,187.005,Annual,1500,2000,25,35,loam,loam,20.0,35.0,0.4155666666666667,1.0,1.0,0.6785616666666667,8.619027497297505,0.8768164744419805,0.795,0.7251370000000001,2
Tiruvarur,cotton,Commercial,27003,1303.7,377.4,840.55,588.3849999999999,252.165,Kharif,700,1300,20,30,black,loam,20.0,35.0,0.23424999999999993,1.0,0.6,0.49883749999999993,10.20374028216176,0.9081896922430572,0.89,0.6553025,2
Tiruvarur,sugarcane,Commercial,2590,1303.7,377.4,840.55,588.3849999999999,252.165,Annual,1500,2000,20,35,loam,loam,20.0,35.0,0.5603666666666667,1.0,1.0,0.7582016666666667,7.85979918056211,0.3357648647154407,0.09,0.49092099999999994,0
Tiruvarur,coconut,Commercial,682,1303.7,377.4,840.55,588.3849999999999,252.165,Annual,1500,2000,25,35,loam,loam,20.0,35.0,0.5603666666666667,1.0,1.0,0.7582016666666667,6.52649485957079,0.6150654734948872,0.04,0.470921,1
Nagapattinam,cotton,Commercial,23024,1430.1,322.7,876.4,613.4799999999999,262.92,Kharif,700,1300,20,30,black,loam,20.0,35.0,0.294,1.0,0.6,0.5317000000000001,10.044335861123509,0.8833761516416154,0.69,0.59502,2
Nagapattinam,sugarcane,Commercial,27726,1430.1,322.7,876.4,613.4799999999999,262.92,Annual,1500,2000,20,35,loam,loam,20.0,35.0,0.5842666666666666,1.0,1.0,0.7713466666666666,10.23016194667723,0.5702698971320784,0.2,0.542808,1
Nagapattinam,coconut,Commercial,201,1430.1,322.7,876.4,613.4799999999999,262.92,Annual,1500,2000,25,35,loam,loam,20.0,35.0,0.5842666666666666,1.0,1.0,0.7713466666666666,5.308267697401205,0.4626797121787616,0.005,0.46480799999999994,1
Madurai,cotton,Commercial,24134,915.5,131.5,523.5,366.45,157.04999999999998,Kharif,700,1300,20,30,black,loam,20.0,35.0,0.7478571428571429,1.0,0.6,0.7813214285714286,10.091418348094594,0.8907052030848848,0.995,0.8667928571428571,2
Madurai,sugarcane,Commercial,123270,915.5,131.5,523.5,366.45,157.04999999999998,Annual,1500,2000,20,35,loam,loam,20.0,35.0,0.349,1.0,1.0,0.64195,11.72214046278653,0.7178745065558776,0.975,0.77517,2
Madurai,coconut,Commercial,1657,915.5,131.5,523.5,366.45,157.04999999999998,Annual,1500,2000,25,35,loam,loam,20.0,35.0,0.349,1.0,1.0,0.64195,7.41336733569524,0.726002695764545,0.93,0.7571700000000001,2
Theni,cotton,Commercial,13640,921.9,112.6,517.25,362.075,155.17499999999998,Kharif,700,1300,20,30,black,loam,20.0,35.0,0.7389285714285714,1.0,0.6,0.7764107142857143,9.52083524249312,0.8018859158585838,0.985,0.8598464285714286,2
Theni,sugarcane,Commercial,328876,921.9,112.6,517.25,362.075,155.17499999999998,Annual,1500,2000,20,35,loam,loam,20.0,35.0,0.3448333333333333,1.0,1.0,0.6396583333333334,12.703439099661995,0.8149564688362906,0.98,0.775795,2
Theni,coconut,Commercial,2153,921.9,112.6,517.25,362.075,155.17499999999998,Annual,1500,2000,25,35,loam,loam,20.0,35.0,0.3448333333333333,1.0,1.0,0.6396583333333334,7.675081857716334,0.7587400767096913,0.945,0.761795,2
Dindigul,cotton,Commercial,26936,959.4,194.4,576.9,403.83,173.07,Kharif,700,1300,20,30,black,loam,20.0,35.0,0.8241428571428571,1.0,0.6,0.8232785714285714,10.201256085188918,0.9078029920370896,0.965,0.8799671428571428,2
Dindigul,sugarcane,Commercial,190167,959.4,194.4,576.9,403.83,173.07,Annual,1500,2000,20,35,loam,loam,20.0,35.0,0.3846,1.0,1.0,0.66153,12.155663170985092,0.7607638305837234,0.96,0.780918,2
Dindigul,coconut,Commercial,2209,959.4,194.4,576.9,403.83,173.07,Annual,1500,2000,25,35,loam,loam,20.0,35.0,0.3846,1.0,1.0,0.66153,7.700747794511798,0.7619505808257734,0.765,0.7029179999999999,2
Ramanathapuram,cotton,Commercial,4247,860.2,239.8,550.0,385.0,165.0,Kharif,700,1300,20,30,black,loam,20.0,35.0,0.7857142857142857,1.0,0.6,0.8021428571428572,8.354203562921775,0.6202832830117525,0.165,0.5472857142857143,1
Ramanathapuram,sugarcane,Commercial,8974,860.2,239.8,550.0,385.0,165.0,Annual,1500,2000,20,35,loam,loam,20.0,35.0,0.36666666666666664,1.0,1.0,0.6516666666666666,9.10219821335648,0.4586780447673473,0.25,0.491,1
Ramanathapuram,coconut,Commercial,148,860.2,239.8,550.0,385.0,165.0,Annual,1500,2000,25,35,loam,loam,20.0,35.0,0.36666666666666664,1.0,1.0,0.6516666666666666,5.003946305945459,0.4246127174819951,0.03,0.40299999999999997,1
Virudhunagar,cotton,Commercial,35777,855.0,120.5,487.75,341.42499999999995,146.325,Kharif,700,1300,20,30,black,loam,20.0,35.0,0.6967857142857142,1.0,0.6,0.7532321428571428,10.48508845835116,0.95,0.995,0.8499392857142857,2
Virudhunagar,sugarcane,Commercial,134110,855.0,120.5,487.75,341.42499999999995,146.325,Annual,1500,2000,20,35,loam,loam,20.0,35.0,0.32516666666666666,1.0,1.0,0.6288416666666667,11.806423094242692,0.7262127666333339,0.865,0.7233050000000001,2
Virudhunagar,coconut,Commercial,591,855.0,120.5,487.75,341.42499999999995,146.325,Annual,1500,2000,25,35,loam,loam,20.0,35.0,0.32516666666666666,1.0,1.0,0.6288416666666667,6.3835066348840055,0.5971793434242595,0.005,0.37930500000000006,1
Sivagangai,cotton,Commercial,2433,1112.0,181.1,646.55,452.5849999999999,193.965,Kharif,700,1300,20,30,black,loam,20.0,35.0,0.9236428571428571,1.0,0.6,0.8780035714285714,7.797291273547472,0.5335920506492897,0.06,0.5508021428571429,1
Sivagangai,sugarcane,Commercial,129239,1112.0,181.1,646.55,452.5849999999999,193.965,Annual,1500,2000,20,35,loam,loam,20.0,35.0,0.4310333333333333,1.0,1.0,0.6870683333333334,11.769426419938435,0.722552606918099,0.945,0.790241,2
Sivagangai,coconut,Commercial,327,1112.0,181.1,646.55,452.5849999999999,193.965,Annual,1500,2000,25,35,loam,loam,20.0,35.0,0.4310333333333333,1.0,1.0,0.6870683333333334,5.793013608384144,0.5233156731751156,0.03,0.42424100000000003,1
Tirunelveli,cotton,Commercial,2105,972.372277227723,419.8,696.0861386138615,487.2602970297031,208.82584158415844,Kharif,700,1300,20,30,black,loam,20.0,35.0,0.9944087694483736,1.0,0.6,0.9169248231966055,7.652545692693921,0.5110603647399827,0.085,0.5841548939179633,1
Tirunelveli,sugarcane,Commercial,3747,972.372277227723,419.8,696.0861386138615,487.2602970297031,208.82584158415844,Annual,1500,2000,20,35,loam,loam,20.0,35.0,0.46405742574257436,1.0,1.0,0.7052315841584158,8.228977643358313,0.3722884756256129,0.155,0.48513895049504946,0
Tirunelveli,coconut,Commercial,276,972.372277227723,419.8,696.0861386138615,487.2602970297031,208.82584158415844,Annual,1500,2000,25,35,loam,loam,20.0,35.0,0.46405742574257436,1.0,1.0,0.7052315841584158,5.6240175061873385,0.5021762662628168,0.005,0.42513895049504946,1
Tenkasi,cotton,Commercial,5098,790.2,148.1,469.15,328.40500000000003,140.745,Kharif,700,1300,20,30,black,loam,20.0,35.0,0.6702142857142857,1.0,0.6,0.7386178571428571,8.536799721055155,0.6487069437483803,0.205,0.5251707142857143,1
Tenkasi,sugarcane,Commercial,188349,790.2,148.1,469.15,328.40500000000003,140.745,Annual,1500,2000,20,35,loam,loam,20.0,35.0,0.31276666666666664,1.0,1.0,0.6220216666666667,12.146057213120187,0.7598134927313471,0.975,0.763213,2
Tenkasi,coconut,Commercial,886,790.2,148.1,469.15,328.40500000000003,140.745,Annual,1500,2000,25,35,loam,loam,20.0,35.0,0.31276666666666664,1.0,1.0,0.6220216666666667,6.787844982309579,0.6477572724141344,0.035,0.38721300000000003,1
Thoothukudi,cotton,Commercial,15052,568.1,162.2,365.15,255.605,109.545,Kharif,700,1300,20,30,black,loam,20.0,35.0,0.5216428571428571,1.0,0.6,0.6569035714285715,9.619332585860503,0.8172184129929899,0.93,0.7661421428571429,2
Thoothukudi,sugarcane,Commercial,2811,568.1,162.2,365.15,255.605,109.545,Annual,1500,2000,20,35,loam,loam,20.0,35.0,0.2434333333333333,1.0,1.0,0.5838883333333333,7.941651252930556,0.343862664410291,0.275,0.460333,0
Thoothukudi,coconut,Commercial,264,568.1,162.2,365.15,255.605,109.545,Annual,1500,2000,25,35,loam,loam,20.0,35.0,0.2434333333333333,1.0,1.0,0.5838883333333333,5.579729825986222,0.4966364030304512,0.15,0.410333,1
The Nilgiris,sugarcane,Commercial,86,1885.2,163.9,1024.55,717.185,307.36499999999995,Annual,1500,2000,20,35,loam,loam,18.5,33.0,0.6830333333333333,0.8666666666666667,1.0,0.792335,4.465908118654584,0.05,0.0,0.47540099999999996,0
The Nilgiris,coconut,Commercial,4,1885.2,163.9,1024.55,717.185,307.36499999999995,Annual,1500,2000,25,35,loam,loam,18.5,33.0,0.6830333333333333,0.8,1.0,0.7756683333333334,1.6094379124341005,0.05,0.005,0.467401,0
Kanyakumari,coconut,Commercial,1141,1099.5,99.1,599.3,419.50999999999993,179.79,Annual,1500,2000,25,35,loam,loam,19.75,33.0,0.3995333333333333,0.8,1.0,0.6197433333333333,7.040536390215956,0.6793659688605993,0.055,0.393846,1
